ref,pubdate,months,yearstart,yearend,season,environment,ocean,locality,mindepth,maxdepth,latmin,latmid,latmax,longmin,longmid,longmax,genus,genusconfirmed,species,spconfirmed,stage,minsize,midsize,maxsize,combmaxsize,genusfbms,fbmaxsize,primarydiet,primarygroup,secondarydiet,secondarygroup,tertiarydiet,tertiarygroup,copepods,fish,fishid,notes
alwis1988a,1988,"jun,jul,nov,dec",1982,1982,multiple,tropical,indian,tanzania,,,-2,-6,-10,41,41.5,42,benthosema,benthosema,benthosema suborbitale,benthosema suborbitale,,20,25,30,30,103,39,copepods,crustaceans,euphausiids,crustaceans,crustacean larvae,crustaceans,yes,no,,
alwis1988a,1988,"jun,jul,nov,dec",1982,1982,multiple,tropical,indian,tanzania,,,-2,-6,-10,41,41.5,42,diaphus,diaphus,diaphus jenseni,diaphus jenseni,,22,26,30,30,170,50,copepods,crustaceans,,,,,yes,no,,
alwis1988a,1988,"jun,jul,nov,dec",1982,1982,multiple,tropical,indian,tanzania,,,-2,-6,-10,41,41.5,42,triphoturus,triphoturus,triphoturus microchir,triphoturus nigrescens,,25,28.5,32,32,81,81,copepods,crustaceans,euphausiids,crustaceans,crustacean larvae,crustaceans,yes,no,,
alwis1988a,1988,"jun,jul,nov,dec",1982,1982,multiple,tropical,indian,tanzania,,,-2,-6,-10,41,41.5,42,benthosema,benthosema,benthosema pterotum,benthosema pterotum,,25,29,33,33,103,70,copepods,crustaceans,euphausiids,crustaceans,crustacean larvae,crustaceans,yes,no,,
alwis1988a,1988,"jun,jul,nov,dec",1982,1982,multiple,tropical,indian,tanzania,,,-2,-6,-10,41,41.5,42,diaphus,diaphus,diaphus nielseni,diaphus nielseni,,30,34,38,38,170,40,copepods,crustaceans,crustacean larvae,crustaceans,,,yes,no,,
alwis1988a,1988,"jun,jul,nov,dec",1982,1982,multiple,tropical,indian,tanzania,,,-2,-6,-10,41,41.5,42,diaphus,diaphus,diaphus garmani,diaphus garmani,,30,41.5,53,53,170,60,copepods,crustaceans,crustacean larvae,crustaceans,eupahusiids,crustaceans,yes,yes,myctophids,
alwis1988a,1988,"jun,jul,nov,dec",1982,1982,multiple,tropical,indian,tanzania,,,-2,-6,-10,41,41.5,42,diaphus,diaphus,diaphus perspicillatus,diaphus perspicillatus,,25,42.5,60,60,170,104,copepods,crustaceans,euphausiids,crustaceans,ostracods,crustaceans,yes,no,,
alwis1988a,1988,"jun,jul,nov,dec",1982,1982,multiple,tropical,indian,tanzania,,,-2,-6,-10,41,41.5,42,lampanyctus,lampanyctus,lampanyctus sp,lampanyctus sp,,25,43.5,62,62,300,,euphausiids,crustaceans,copepods,crustaceans,crustacean larvae,crustaceans,no,yes,myctophids,
alwis1988a,1988,"jun,jul,nov,dec",1982,1982,multiple,tropical,indian,tanzania,,,-2,-6,-10,41,41.5,42,ceratoscopelus,ceratoscopelus,ceratoscopelus warmingii,ceratoscopelus warmingii,,28,44,60,60,184,102,copepods,crustaceans,euphausiids,crustaceans,crustacean larvae,crustaceans,yes,yes,myctophids,
alwis1988a,1988,"jun,jul,nov,dec",1982,1982,multiple,tropical,indian,tanzania,,,-2,-6,-10,41,41.5,42,benthosema,benthosema,benthosema fibulatum,benthosema fibulatum,,25,46,67,67,103,100,copepods,crustaceans,crustacean larvae,crustaceans,amphipods,crustaceans,yes,yes,unknown,
alwis1988a,1988,"jun,jul,nov,dec",1982,1982,multiple,tropical,indian,tanzania,,,-2,-6,-10,41,41.5,42,symbolophorus,symbolophorus,symbolophorus evermanni,symbolophorus evermanni,,25,56,87,87,160,117,euphausiids,crustaceans,crustacean larvae,crustaceans,copepods,crustaceans,no,no,,
alwis1988a,1988,"jun,jul,nov,dec",1982,1982,multiple,tropical,indian,tanzania,,,-2,-6,-10,41,41.5,42,myctophum,myctophum,myctophum brachygnathum,myctophum brachygnathum,,55,62.5,70,70,110,,molluscs,molluscs,larvaceans,gelatinous,copepods,crustaceans,no,yes,unknown,
alwis1988a,1988,"jun,jul,nov,dec",1982,1982,multiple,tropical,indian,tanzania,,,-2,-6,-10,41,41.5,42,myctophum,myctophum,myctophum obtusirostrum,myctophum obtusirostrum,,50,65,80,80,110,90,molluscs,molluscs,copepods,crustaceans,euphausiids,crustaceans,no,no,,
alwis1988a,1988,"jun,jul,nov,dec",1982,1982,multiple,tropical,indian,tanzania,,,-2,-6,-10,41,41.5,42,diaphus,diaphus,diaphus thiollierei,diaphus thiollierei,,60,85,110,110,170,100,copepods,crustaceans,euphausiids,crustaceans,crustacean larvae,crustaceans,yes,no,,
alwis1988a,1988,"jun,jul,nov,dec",1982,1982,multiple,tropical,indian,tanzania,,,-2,-6,-10,41,41.5,42,diaphus,diaphus,diaphus watasei,diaphus watasei,,50,95,140,140,170,170,copepods,crustaceans,euphausiids,crustaceans,squid,molluscs,yes,yes,myctophids,
alwis1988b,1988,"aug,nov,dec",1981,1981,multiple,tropical,atlantic,mauritiania,,,20,11.5,3,-18,-11.5,-5,diaphus,diaphus,diaphus dumerilii,diaphus dumerilii,,20,45,70,70,170,95,copepods,crustaceans,euphausiids,crustaceans,larvaceans,gelatinous,yes,yes,unknown,
alwis1988b,1988,"aug,nov,dec",1981,1981,multiple,tropical,atlantic,mauritiania,,,20,11.5,3,-18,-11.5,-5,diaphus,diaphus,diaphus taaningi,diaphus taaningi,,,,,70,170,70,copepods,crustaceans,larvaceans,gelatinous,crustacean larvae,crustaceans,yes,no,,
alwis1988b,1988,"aug,nov,dec",1981,1981,multiple,tropical,atlantic,mauritiania,,,20,11.5,3,-18,-11.5,-5,myctophum,myctophum,myctophum affine,myctophum affine,,,,,79,110,79,copepods,crustaceans,amphipods,crustaceans,crustacean larvae,crustaceans,yes,no,,
alwis1988b,1988,"aug,nov,dec",1981,1981,multiple,tropical,atlantic,mauritiania,,,20,11.5,3,-18,-11.5,-5,myctophum,myctophum,myctophum nitidulum,myctophum nitidulum,,,,,83,110,83,crustaceans,crustaceans,copepods,crustaceans,fish larvae,pisces,no,yes,unknown,
applebaum1982,1982,"march,april",1979,1979,spring,temperate,atlantic,sargasso sea,0,1800,20,32.5,45,-10,-40,-70,ceratoscopelus,ceratoscopelus,ceratoscopelus warmingii,ceratoscopelus warmingii,,22.5,43.5,64.5,64.5,184,102,copepods,crustaceans,ostracods,crustaceans,amphipods,crustaceans,yes,yes,"myctophid, ariosoma, gnathophis",
applebaum1982,1982,"march,april",1979,1979,spring,temperate,atlantic,sargasso sea,0,1800,20,32.5,45,-10,-40,-70,benthosema,benthosema,benthosema glaciale,benthosema glaciale,,,,,103,103,103,crustaceans,crustaceans,,,,,no,no,,
applebaum1982,1982,"march,april",1979,1979,spring,temperate,atlantic,sargasso sea,0,1800,20,32.5,45,-10,-40,-70,bolinichthys,bolinichthys,bolinichthys indicus,bolinichthys indicus,,,,,46,117,46,crustaceans,crustaceans,,,,,no,no,,
applebaum1982,1982,"march,april",1979,1979,spring,temperate,atlantic,sargasso sea,0,1800,20,32.5,45,-10,-40,-70,diaphus,diaphus,diaphus mollis,diaphus mollis,,,,,66,170,66,crustaceans,crustaceans,,,,,no,no,,
applebaum1982,1982,"march,april",1979,1979,spring,temperate,atlantic,sargasso sea,0,1800,20,32.5,45,-10,-40,-70,diaphus,diaphus,diaphus rafinesquii,diaphus rafinesquii,,,,,94,170,94,crustaceans,crustaceans,,,,,no,no,,
applebaum1982,1982,"march,april",1979,1979,spring,temperate,atlantic,sargasso sea,0,1800,20,32.5,45,-10,-40,-70,diaphus,diaphus,diaphus sp.,diaphus sp.,,,,,170,170,,crustaceans,crustaceans,,,,,no,no,,
applebaum1982,1982,"march,april",1979,1979,spring,temperate,atlantic,sargasso sea,0,1800,20,32.5,45,-10,-40,-70,hygophum,hygophum,hygophum hygomii,hygophum hygomii,,,,,81,81,81,crustaceans,crustaceans,,,,,no,no,,
applebaum1982,1982,"march,april",1979,1979,spring,temperate,atlantic,sargasso sea,0,1800,20,32.5,45,-10,-40,-70,hygophum,hygophum,hygophum taaningi,hygophum taaningi,,,,,66,81,66,crustaceans,crustaceans,,,,,no,no,,
applebaum1982,1982,"march,april",1979,1979,spring,temperate,atlantic,sargasso sea,0,1800,20,32.5,45,-10,-40,-70,lampanyctus,lampanyctus,lampanyctus crocodilus,lampanyctus crocodilus,,,,,300,300,300,crustaceans,crustaceans,,,,,no,no,,
applebaum1982,1982,"march,april",1979,1979,spring,temperate,atlantic,sargasso sea,0,1800,20,32.5,45,-10,-40,-70,lampanyctus,lampanyctus,lampanyctus cuprarius,lampanyctus cuprarius,,,,,79,300,79,crustaceans,crustaceans,,,,,no,no,,
applebaum1982,1982,"march,april",1979,1979,spring,temperate,atlantic,sargasso sea,0,1800,20,32.5,45,-10,-40,-70,lampanyctus,lampanyctus,lampanyctus photonotus,lampanyctus photonotus,,,,,85,300,85,crustaceans,crustaceans,,,,,no,no,,
applebaum1982,1982,"march,april",1979,1979,spring,temperate,atlantic,sargasso sea,0,1800,20,32.5,45,-10,-40,-70,lobianchia,lobianchia,lobianchia gemellarii,lobianchia gemellarii,,,,,60,60,60,crustaceans,crustaceans,,,,,no,no,,
applebaum1982,1982,"march,april",1979,1979,spring,temperate,atlantic,sargasso sea,0,1800,20,32.5,45,-10,-40,-70,notoscopelus,notoscopelus,notoscopelus kroyeri,notoscopelus kroyeri,,,,,143,143,143,crustaceans,crustaceans,,,,,no,no,,
badouvas2024,2024,"november,april",2018,2019,multiple,temperate,atlantic,mediterranean,10,725,38,38.25,38.5,22,22.5,23,benthosema,benthosema,benthosema glaciale,benthosema glaciale,,30,47.5,65,65,103,,crustaceans,,,,,,,no,,
badouvas2024,2024,"november,april",2018,2019,multiple,temperate,atlantic,mediterranean,10,725,38,38.25,38.5,22,22.5,23,ceratoscopelus,ceratoscopelus,ceratoscopelus maderensis,ceratoscopelus maderensis,,32,55.5,79,79,184,,copepods,,,,,,,yes,,
badouvas2024,2024,"november,april",2018,2019,multiple,temperate,atlantic,mediterranean,10,725,38,38.25,38.5,22,22.5,23,myctophum,myctophum,myctophum punctatum,myctophum punctatum,,56,65,74,74,110,,crustaceans,,,,,,,yes,,
badouvas2024,2024,"november,april",2018,2019,multiple,temperate,atlantic,mediterranean,10,725,38,38.25,38.5,22,22.5,23,notoscopelus,notoscopelus,notoscopelus elongatus,notoscopelus elongatus,,68,95,122,122,143,,copepods,,,,,,,yes,,
baird1975,1975,march,1972,1972,spring,tropical,atlantic,cariaco trench,10,850,10.633,10.633,10.633,-65.75,-65.75,-65.75,diaphus,diaphus,diaphus taaningi,diaphus taaningi,,35,42,49,49,170,70,thaliaceans,urochardates,copepods,crustaceans,chaetognatha,chaetognatha,no,yes,unknown,
battaglia2014,2014,"oct,may",2010,2011,multiple,temperate,atlantic,mediterranean,571,724,36,36,36,14,14,14,diaphus,diaphus,diaphus metopoclampus,diaphus metopoclampus,,50.8,71.8,92.8,92.8,170,96,copepods,crustaceans,euphausiids,crustaceans,crustaceans,crustaceans,yes,yes,"paralepididae, b.glaciale, c.maderensis, h.benoiti,h.hygomii,l.corodilus,l.pusillus,m.punctatum,n.elongatus,cyclothone braueri, vinciguerria attenuata, argyropelecus hemigymnus, chauliodus sloani",
battaglia2016,2016,"oct,nov,dec,jan,fed,mar,apr,may",2012,2013,multiple,temperate,atlantic,mediterranean,,,38,38,38,15,15,15,electrona,electrona,electrona risso,electrona risso,,12,32.5,53,53,127,,copepods,,,,,,,yes,"diaphus, lampanyctus pusillus, myctophidae, cyclothone braueri, vinciguerria attenuata, argyopelecus hemigymnus, maurolicus muelleri, actinopterygii",
bernal2013,2013,dec,2009,2009,winter,temperate,atlantic,mediterranean,200,900,39,39,39,2,2,2,lampanyctus,lampanyctus,lampanyctus pusillus,lampanyctus pusillus,both,2,22,42,42,300,43,copepods,crustaceans,euphausiids,crustaceans,crustaceans,crustaceans,yes,yes,myctophids,
bernal2015,2015,"dec,jul",2009,2010,multiple,temperate,atlantic,mediterranean,40,900,39,39,39,2,2,2,benthosema,benthosema,benthosema glaciale,benthosema glaciale,,12,29,46,46,103,103,copepods,crustaceans,larvaceans,gelatinous,gastropods,molluscs,yes,yes,unknown,
bernal2015,2015,"dec,jul",2009,2010,multiple,temperate,atlantic,mediterranean,40,900,39,39,39,2,2,2,lobianchia,lobianchia,lobianchia dofleini,lobianchia dofleini,,23,34.5,46,46,60,60,copepods,crustaceans,larvaceans,gelatinous,ostracods,crustaceans,yes,yes,unknown,
bernal2015,2015,"dec,jul",2009,2010,multiple,temperate,atlantic,mediterranean,40,900,39,39,39,2,2,2,hygophum,hygophum,hygophum benoiti,hygophum benoiti,,13,38.5,64,64,81,78,copepods,crustaceans,euphausiids,crustaceans,chaetognatha,chaetognatha,yes,yes,unknown,
bernal2015,2015,"dec,jul",2009,2010,multiple,temperate,atlantic,mediterranean,40,900,39,39,39,2,2,2,ceratoscoperlus,ceratoscopelus,ceratoscopelus maderensis,ceratoscopelus maderensis,,16,40.5,65,65,184,89,copepods,crustaceans,larvaceans,gelatinous,gastropods,molluscs,yes,yes,unknown,
bernal2015,2015,"dec,jul",2009,2010,multiple,temperate,atlantic,mediterranean,40,900,39,39,39,2,2,2,hygophum,hygophum,hygophum hygomii,hygophum hygomii,,39,47.5,56,56,81,81,copepods,crustaceans,euphausiids,crustaceans,pisces,pisces,yes,yes,unknown,
bernal2015,2015,"dec,jul",2009,2010,multiple,temperate,atlantic,mediterranean,40,900,39,39,39,2,2,2,lampanyctus,lampanyctus,lampanyctus pusillus,lampanyctus pusillus,,14,50,86,86,300,43,copepods,crustaceans,euphausiids,crustaceans,ostracods,crustaceans,yes,no,,
bernal2015,2015,"dec,jul",2009,2010,multiple,temperate,atlantic,mediterranean,40,900,39,39,39,2,2,2,myctophum,myctophum,myctophum punctatum,myctophum punctatum,,18,63,108,108,110,110,copepods,crustaceans,euphausiids,crustaceans,amphipods,crustaceans,yes,yes,unknown,
bernal2015,2015,"dec,jul",2009,2010,multiple,temperate,atlantic,mediterranean,40,900,39,39,39,2,2,2,notoscopelus,notoscopelus,notoscopelus elongatus,notoscopelus elongatus,,30,101,172,172,143,142,copepods,crustaceans,euphausiids,crustaceans,gelatinous,gelatinous,yes,yes,unknown,
bernal2015,2015,"dec,jul",2009,2010,multiple,temperate,atlantic,mediterranean,40,900,39,39,39,2,2,2,lampanyctus,lampanyctus,lampanyctus crocodilus,lampanyctus crocodilus,,20,151.5,283,283,300,300,euphausiids,crustaceans,euphausiids,crustaceans,pisces,pisces,no,yes,unknown,
bernal2020,2020,jun,2015,2015,winter,tropical,indian,indonesia,0,500,-20,-20,-20,95,82.5,70,ceratoscopelus,ceratoscopelus,ceratoscopelus warmingii,ceratoscopelus warmingii,,13,45.5,78,78,184,102,copepods,crustaceans,ostracods,crustaceans,euphausiids,crustaceans,yes,yes,,
bernal2020,2020,jun,2015,2015,winter,tropical,indian,indonesia,0,500,-20,-20,-20,95,82.5,70,symbolophorus,symbolophorus,symbolophorus evermanni,symbolophorus evermanni,,25,52.5,80,80,160,117,copepods,crustaceans,euphausiids,crustaceans,chaetognatha,chaetognatha,yes,yes,phosichthyds and myctophids,
bernal2020,2020,jun,2015,2015,winter,tropical,indian,indonesia,0,500,-20,-20,-20,95,82.5,70,diaphus,diaphus,diaphus effulgens,diaphus effulgens,,24,72,120,120,170,150,copepods,crustaceans,euphausiids,crustaceans,pisces,pisces,yes,yes,phosichthyds and myctophids,
bosley2004,2004,"jun,jul",2001,2001,summer,temperate,pacific,us,0,264,46.218,46.2,46.183,-124.45,-124.55,-124.661,diaphus,diaphus,diaphus theta,diaphus theta,,48,64.5,81,81,170,114,euphausiids,crustaceans,amphipods,crustaceans,pisces,pisces,no,yes,unknown,
bosley2004,2004,"jun,jul",2001,2001,summer,temperate,pacific,us pacific,0,264,46.218,46.2,46.183,-124.45,-124.55,-124.661,stenobrachius,stenobrachius,stenobrachius leucopsarus,stenobrachius leucopsarus,,53,74.5,96,96,130,130,euphausiids,crustaceans,amphipods,crustaceans,copepods,crustaceans,no,no,,
cailliet1990,1990,,1964,1968,multiple,temperate,pacific,us,0,1000,34,49,64,-120,-120,-120,stenobrachius,stenobrachius,stenobrachius leucopsarus,stenobrachius leucopsarus,,,,,130,130,130,copepods,crustaceans,ostracods,crustaceans,euphausiids,crustaceans,yes,yes,unknown,
carlo1982,1982,"mar,april,may,jun,aug,sept,oct,nov,dec",1972,1972,multiple,temperate,atlantic,mediterranean,,,38,38,38,15,15,15,hygophum,hygophum,hygophum benoiti,hygophum benoiti,,21,39,57,57,81,78,copepods,crustaceans,euphausiids,crustaceans,amphipods,crustaceans,yes,yes,cyclothone,
carlo1982,1982,"mar,april,may,jun,aug,sept,oct,nov,dec",1972,1972,multiple,temperate,atlantic,mediterranean,,,38,38,38,15,15,15,myctophum,myctophum,myctophum punctatum,myctophum punctatum,,31,49,67,67,110,110,copepods,crustaceans,euphausiids,crustaceans,appendicularians,gelatinous,yes,yes,cyclothone,
chen2022,2022,,2020,2020,unknown,temperate,pacific,south china sea,,,16,16,16,110,110,110,diaphus,diaphus,diaphus splendidus,diaphus splendidus,,38,48,58,58,170,,ostracods,,,,,,,yes,"argyropelecus hemigymnus, argyropelecus affinis, cyclothone braueri, gonostoma atlanticum, woodsia, melanostomias tentaculatus, diaphus, diaphus luetkeni, bolinichthys pyrosobolus, opisthoproctus soleatus, winteria telescopa",
clarke1978,1978,"aug,sep",1973,1973,summer,tropical,pacific,hawaii,350,1200,21.3416,21.3416,21.3416,-158.341,-158.341,-158.341,notolychnus,notolychnus,notolychnus valdiviae,notolychnus valdiviae,,19,21.5,24,24,63,63,copepods,crustaceans,,,,,yes,no,,
clarke1978,1978,"aug,sep",1973,1973,summer,tropical,pacific,hawaii,350,1200,21.3416,21.3416,21.3416,-158.341,-158.341,-158.341,triphoturus,triphoturus,triphoturus nigrescens,triphoturus nigrescens,,18,26,34,34,81,81,copepods,crustaceans,euphausiids,crustaceans,,,yes,no,,
clarke1978,1978,"aug,sep",1973,1973,summer,tropical,pacific,hawaii,350,1200,21.3416,21.3416,21.3416,-158.341,-158.341,-158.341,benthosema,benthosema,benthosema suborbitale,benthosema suborbitale,,24,27,30,30,103,39,euphausiids,crustaceans,copepods,crustaceans,,,no,no,,
clarke1978,1978,"aug,sep",1973,1973,summer,tropical,pacific,hawaii,350,1200,21.3416,21.3416,21.3416,-158.341,-158.341,-158.341,hygophum,hygophum,hygophum proximum,hygophum proximum,,26,29.5,33,33,81,50,copepods,crustaceans,crustaceans,crustaceans,,,yes,no,,
clarke1978,1978,"aug,sep",1973,1973,summer,tropical,pacific,hawaii,350,1200,21.3416,21.3416,21.3416,-158.341,-158.341,-158.341,diaphus,diaphus,diaphus schmidti,diaphus schmidti,,25,32,39,39,170,53,ostracods,crustaceans,copepods,crustaceans,malacostracans,crustaceans,no,no,,
clarke1978,1978,"aug,sep",1973,1973,summer,tropical,pacific,hawaii,350,1200,21.3416,21.3416,21.3416,-158.341,-158.341,-158.341,lampanyctus,lampanyctus,lampanyctus steinbecki,lampanyctus steinbecki,,25,32,39,39,300,38,copepods,crustaceans,euphausiids,crustaceans,,,yes,no,,
clarke1978,1978,"aug,sep",1973,1973,summer,tropical,pacific,hawaii,350,1200,21.3416,21.3416,21.3416,-158.341,-158.341,-158.341,bolinichthys,bolinichthys,bolinichthys longipes,bolinichthys longipes,,24,35,46,46,117,50,euphausiids,crustaceans,copepods,crustaceans,,,no,no,,
clarke1978,1978,"aug,sep",1973,1973,summer,tropical,pacific,hawaii,350,1200,21.3416,21.3416,21.3416,-158.341,-158.341,-158.341,ceratoscopelus,ceratoscopelus,ceratoscopelus warmingii,ceratoscopelus warmingii,,22,37.5,53,53,184,102,copepods,crustaceans,ostracods,crustaceans,euphausiids,crustaceans,yes,yes,unknown,
clarke1978,1978,"aug,sep",1973,1973,summer,tropical,pacific,hawaii,350,1200,21.3416,21.3416,21.3416,-158.341,-158.341,-158.341,lampanyctus,lampanyctus,lampanyctus nobilis,lampanyctus nobilis,,24,54,84,84,300,124,copepods,crustaceans,amphipods,crustaceans,euphausiids,crustaceans,yes,yes,unknown,
clarke1978,1978,"aug,sep",1973,1973,summer,tropical,pacific,hawaii,350,1200,21.3416,21.3416,21.3416,-158.341,-158.341,-158.341,lampanyctus,lampanyctus,lampanyctus niger,lampanyctus niger,,65,75.5,86,86,300,148,copepods,crustaceans,euphausiids,crustaceans,pisces,pisces,yes,yes,unknown,
clarke1980,1980,"sep,nov",1973,1974,fall,tropical,pacific,hawaii,70,170,21.175,21.175,21.175,-158.174,-158.174,-158.174,diogenichthys,diogenichthys,diogenichthys atlanticus,diogenichthys atlanticus,mature,17,19,21,21,50,29,copepods,crustaceans,,,,,yes,no,,
clarke1980,1980,"sep,nov",1973,1974,fall,tropical,pacific,hawaii,70,170,21.175,21.175,21.175,-158.174,-158.174,-158.174,notolychnus,notolychnus,notolychnus valdiviae,notolychnus valdiviae,mature,16,20,24,24,63,63,copepods,crustaceans,,,,,yes,no,,
clarke1980,1980,"sep,nov",1973,1974,fall,tropical,pacific,hawaii,70,170,21.175,21.175,21.175,-158.174,-158.174,-158.174,benthosema,benthosema,benthosema suborbitale,benthosema suborbitale,mature,18,25,32,32,103,39,copepods,crustaceans,euphausiids,crustaceans,amphipods,crustaceans,yes,no,,
clarke1980,1980,"sep,nov",1973,1974,fall,tropical,pacific,hawaii,70,170,21.175,21.175,21.175,-158.174,-158.174,-158.174,triphoturus,triphoturus,triphoturus nigrescens,triphoturus nigrescens,mature,19,28,37,37,81,81,copepods,crustaceans,,,,,yes,no,,
clarke1980,1980,"sep,nov",1973,1974,fall,tropical,pacific,hawaii,70,170,21.175,21.175,21.175,-158.174,-158.174,-158.174,bolinichthys,bolinichthys,bolinichthys longipes,bolinichthys longipes,mature,17,33,49,49,117,50,copepods,crustaceans,,,,,yes,no,,
clarke1980,1980,"sep,nov",1973,1974,fall,tropical,pacific,hawaii,70,170,21.175,21.175,21.175,-158.174,-158.174,-158.174,diaphus,diaphus,diaphus schmidti,diaphus schmidti,mature,27,34,41,41,170,53,copepods,crustaceans,,,,,yes,yes,unknown,
clarke1980,1980,"sep,nov",1973,1974,fall,tropical,pacific,hawaii,70,170,21.175,21.175,21.175,-158.174,-158.174,-158.174,lampanyctus,lampanyctus,lampanyctus steinbecki,lampanyctus steinbecki,mature,18,36,54,54,300,38,euphausiids,crustaceans,copepods,crustaceans,,,no,no,,
clarke1980,1980,"sep,nov",1973,1974,fall,tropical,pacific,hawaii,70,170,21.175,21.175,21.175,-158.174,-158.174,-158.174,diaphus,diaphus,diaphus fragilis,diaphus fragilis,mature,34,39,44,44,170,123,copepods,crustaceans,,,,,yes,no,,
clarke1980,1980,"sep,nov",1973,1974,fall,tropical,pacific,hawaii,70,170,21.175,21.175,21.175,-158.174,-158.174,-158.174,diaphus,diaphus,diaphus trachops,diaphus trachops,mature,36,43,50,50,170,64,copepods,crustaceans,,,,,yes,no,,
clarke1980,1980,"sep,nov",1973,1974,fall,tropical,pacific,hawaii,70,170,21.175,21.175,21.175,-158.174,-158.174,-158.174,diaphus,diaphus,diaphus perspicillatus,diaphus perspicillatus,mature,46,51,56,56,170,104,copepods,crustaceans,,,,,yes,no,,
clarke1980,1980,"sep,nov",1973,1974,fall,tropical,pacific,hawaii,70,170,21.175,21.175,21.175,-158.174,-158.174,-158.174,ceratoscopelus,ceratoscopelus,ceratoscopelus warmingii,ceratoscopelus warmingii,mature,38,53.5,69,69,184,102,copepods,crustaceans,ostracods,crustaceans,gastropods,molluscs,yes,yes,unknown,
clarke1980,1980,"sep,nov",1973,1974,fall,tropical,pacific,hawaii,70,170,21.175,21.175,21.175,-158.174,-158.174,-158.174,lampanyctus,lampanyctus,lampanyctus nobilis,lampanyctus nobilis,mature,36,61,86,86,300,124,euphausiids,crustaceans,copepods,crustaceans,,,no,no,,
cohen2021,2021,sep,2018,2018,spring,temperate,indian,australia,,,-32,-32,-32,115,115,115,myctophum,myctophum,myctophum asperum,myctophum asperum,,15.7,27.85,40,40,110,85,copepods,crustaceans,euphausiids,crustaceans,zooea,crustaceans,yes,yes,unknown,
collard1970,1970,,1963,1966,multiple,tropical,pacific,tropical pacific,,,-6,12,30,-158,-139,-120,ceratoscopelus,ceratoscopelus,ceratoscopelus townsendi,ceratoscopelus townsendi,,,,,184,184,184,crustaceans,crustaceans,,,,,no,no,,
collard1970,1970,,1963,1966,multiple,tropical,pacific,tropical pacific,,,-6,-6,-6,-158,-158,-158,diaphus,diaphus,diaphus coeruleus,diaphus coeruleus,,,,,137,170,137,amphipods,crustaceans,,,,,no,no,,
collard1970,1970,,1963,1966,multiple,tropical,pacific,tropical pacific,,,-6,-6,-6,-158,-158,-158,diaphus,diaphus,diaphus elucens,diaphus perspicillatus,,,,,104,170,104,euphausiids,crustaceans,,,,,no,no,,
collard1970,1970,,1963,1966,multiple,tropical,pacific,tropical pacific,,,-6,-6,-6,-158,-158,-158,diaphus,diaphus,diaphus sp.,diaphus sp.,,,,,170,170,,amphipods,crustaceans,,,,,no,no,,
collard1970,1970,,1963,1966,multiple,temperate,pacific,temperate pacific,,,32,48,64,-118,-119,-120,diaphus,diaphus,diaphus theta,diaphus theta,,,,,114,170,114,copepods,crustaceans,crustaceans,crustaceans,euphausiids,crustaceans,yes,no,,
collard1970,1970,,1963,1966,multiple,temperate,pacific,temperate pacific,,,33,33,33,-118,-118,-118,diogenichthys,diogenichthys,diogenichthys laternatus,diogenichthys laternatus,,,,,50,50,50,euphausiids,crustaceans,,,,,no,no,,
collard1970,1970,,1963,1966,multiple,polar,antarctic,southern ocean,,,-61,-61,-61,-100,-100,-100,protomyctophum,kreffichthys,protomyctophum anderssoni,kreffichthys anderssoni,,,,,71,71,71,crustaceans,crustaceans,amphipods,crustaceans,,,no,no,,
collard1970,1970,,1963,1966,multiple,temperate,pacific,,,,-47,-47,-47,-76,-76,-76,lampanyctus,lampanyctus,lampanyctus australis,lampanyctus australis,,,,,131,300,131,crustaceans,crustaceans,copepods,crustaceans,euphausiids,crustaceans,no,yes,,
collard1970,1970,,1963,1966,multiple,tropical,pacific,tropical pacific,,,-6,-6,-6,-158,-158,-158,lampanyctus,lampanyctus,lampanyctus macropterus,lampanyctus macropterus,,,,,68,300,68,euphausiids,crustaceans,,,,,no,no,,
collard1970,1970,,1963,1966,multiple,temperate,pacific,temperate pacific,,,33,33,33,-119,-119,-119,lampanyctus,lampanyctus,lampanyctus regalis,lampanyctus regalis,,,,,210,300,210,euphausiids,crustaceans,,,,,no,no,,
collard1970,1970,,1963,1966,multiple,temperate,pacific,,,,32,37.5,43,-118,-121.5,-125,lampanyctus,lampanyctus,lampanyctus ritteri,lampanyctus ritteri,,,,,120,300,120,crustaceans,crustaceans,molluscs,molluscs,euphausiids,crustaceans,no,yes,,
collard1970,1970,,1963,1966,multiple,tropical,pacific,tropical pacific,,,-6,-6,-6,-158,-158,-158,myctophum,myctophum,myctophum aurolaternatum,myctophum aurolaternatum,,,,,110,110,110,molluscs,molluscs,,,,,no,no,,
collard1970,1970,,1963,1966,multiple,temperate,pacific,temperate pacific,,,32,32,32,-120,-120,-120,symbolophorus,symbolophorus,symbolophorus californiensis,symbolophorus californiensis,,,,,110,160,110,crustaceans,crustaceans,copepods,crustaceans,euphausiids,crustaceans,no,no,,
collard1970,1970,,1963,1966,multiple,temperate,pacific,temperate pacific,,,32,37.5,43,-118,-121.5,-125,tarletonbeania,tarletonbeania,tarletonbeania crenularis,tarletonbeania crenularis,,,,,127,127,127,crustaceans,crustaceans,copepods,crustaceans,euphausiids,crustaceans,no,no,,
collard1970,1970,,1963,1966,multiple,temperate,pacific,,,,33,33.5,34,-118,-118.5,-119,triphoturus,triphoturus,triphoturus mexicanus,triphoturus mexicanus,,,,,70,81,70,copepods,crustaceans,crustaceans,crustaceans,euphausiids,crustaceans,yes,yes,,
collard1970,1970,,1963,1966,multiple,temperate,pacific,,,,33,42,51,-118,-124,-130,stenobrachius,stenobrachius,stenobrachius leucopsarus,stenobrachius leucopsarus,,11,50.5,90,90,130,130,copepods,crustaceans,euphausiids,crustaceans,crustaceans,crustaceans,yes,yes,,
collard1970,1970,,1963,1966,multiple,tropical,pacific,,,,-6,-6,-6,-158,-158,-158,myctophum,dasyscopelus,myctophum spinosum,dasyscopelus spinosus,,90,90,90,90,90,90,molluscs,molluscs,curstaceans,crustaceans,pisces,pisces,no,yes,,
collard1970,1970,,1963,1966,multiple,temperate,pacific,temperate pacific,,,30,31.5,33,-118,-119,-120,parvilux,parvilux,parvilux ingens,parvilux ingens,,200,200,200,200,200,200,copepods,crustaceans,crustaceans,crustaceans,euphausiids,crustaceans,yes,no,,
contreras2019,2019,april,2015,2015,fall,tropical,atlantic,brazil,0,800,-15,-25,-35,-10,7.5,25,diaphus,diaphus,diaphus vanhoeffeni,diaphus vanhoeffeni,larvae,4,9,14,14,170,,copepods,,,,,,,no,,
contreras2019,2019,april,2015,2015,fall,tropical,atlantic,brazil,0,800,-15,-25,-35,-10,7.5,25,myctophum,myctophum,myctophum affine,myctophum affine,larvae,4,9.5,15,15,110,,molluscs,,,,,,,no,,
contreras2019,2019,april,2015,2015,fall,tropical,atlantic,brazil,0,800,-15,-25,-35,-10,7.5,25,hygophum,hygophum,hygophum macrochir,hygophum macrochir,larvae,5,11.5,18,18,81,,copepods,,,,,,,no,,
dalpadado1988,1988,,1978,1983,multiple,tropical,indian,gulf of oman,0,400,-26,1,24,,,,benthosema,benthosema,benthosema pterotum,benthosema pterotum,,17,31.5,46,46,103,70,copepods,crustaceans,ostracods,crustaceans,euphausiids,crustaceans,yes,yes,"trichiuridae, paralepididae, gonostomatidae",
duan2024,2024,"jan, march",2021,2021,summer,antarctic,antarctic,amundsen sea,0,1500,-69,-66,-63,-85,-12.5,60,electrona,electrona,electrona antarctica,electrona antarctica,,17,61,105,105,127,,amphipods,,,,,,,yes,,
eduardo2021,2021,"april,may",2017,2017,fall,tropical,atlantic,brazil,10,1113,-5,-4,-3,-37,-35,-33,diaphus,diaphus,diaphus brachycephalus,diaphus brachycephalus,,9,31.5,54,54,170,,teleostei,,,,,,,yes,,
eduardo2021,2021,"april,may",2017,2017,fall,tropical,atlantic,brazil,10,1113,-5,-4,-3,-37,-35,-33,diaphus,diaphus,diaphus mollis,diaphus mollis,,22,40.5,59,59,170,,teleostei,,,,,,,yes,,
eduardo2021,2021,"april,may",2017,2017,fall,tropical,atlantic,brazil,10,1113,-5,-4,-3,-37,-35,-33,lepidophanes,lepidophanes,lepidophanes guentheri,lepidophanes guentheri,,22,42,62,62,80,,teleostei,,,,,,,yes,,
eduardo2021,2021,"april,may",2017,2017,fall,tropical,atlantic,brazil,10,1113,-5,-4,-3,-37,-35,-33,diaphus,diaphus,diaphus perspicillatus,diaphus perspicillatus,,18,43.5,69,69,170,,teleostei,,,,,,,yes,,
eduardo2021,2021,"april,may",2017,2017,fall,tropical,atlantic,brazil,10,1113,-5,-4,-3,-37,-35,-33,diaphus,diaphus,diaphus fragilis,diaphus fragilis,,14,50,86,86,170,,teleostei,,,,,,,yes,,
eduardo2021,2021,"april,may",2017,2017,fall,tropical,atlantic,brazil,10,1113,-5,-4,-3,-37,-35,-33,hygophum,hygophum,hygophum taaningi,hygophum taaningi,,52,53,54,54,81,,teleostei,,,,,,,yes,,
eduardo2021,2021,"april,may",2017,2017,fall,tropical,atlantic,brazil,10,1113,-5,-4,-3,-37,-35,-33,diaphus,diaphus,diaphus dumerilii,diaphus dumerilii,,29,59,89,89,170,,teleostei,,,,,,,yes,,
eduardo2021,2021,"april,may",2017,2017,fall,tropical,atlantic,brazil,10,1113,-5,-4,-3,-37,-35,-33,electrona,electrona,electrona risso,electrona risso,,50,65.5,81,81,127,,teleostei,,,,,,,yes,,
eduardo2021,2021,"april,may",2017,2017,fall,tropical,atlantic,brazil,10,1113,-5,-4,-3,-37,-35,-33,lampanyctus,lampanyctus,lampanyctus nobilis,lampanyctus nobilis,,19,70,121,121,300,,teleostei,,,,,,,yes,,
fanelli2014,2014,"feb,march,april,may",2007,2012,spring,temperate,atlantic,mediterranean,450,1800,38,40.5,43,0,2.5,5,lampanyctus,lampanyctus,lampanyctus crocodilus,lampanyctus crocodilus,,34,95,156,156,300,300,euphausiids,crustaceans,gelatinous,gelatinous,pisces,pisces,no,yes,"argyropelecus hemygimnus, ceratoscopelus maderensis, cyclothone braueri, lampanyctus sp, stomias boa",
gaskett2001,2001,jan,1999,1999,summer,temperate,pacific,australia,,,-52,-53.5,-55,157,159.5,162,electrona,electrona,electrona antarctica,electrona antarctica,,,,,115,127,115,copepods,crustaceans,euphausiids,crustaceans,crustaceans,crustaceans,yes,yes,unknown,
gaskett2001,2001,jan,1999,1999,summer,temperate,pacific,australia,,,-52,-53.5,-55,157,159.5,162,electrona,electrona,electrona carlsbergi,electrona carlsbergi,,,,,112,127,112,euphausiids,crustaceans,pisces,pisces,crustaceans,crustaceans,no,yes,unknown,
gaskett2001,2001,jan,1999,1999,summer,temperate,pacific,australia,,,-52,-53.5,-55,157,159.5,162,electrona,electrona,electrona subaspera,electrona subaspera,,,,,127,127,127,amphipods,crustaceans,crustaceans,crustaceans,copepods,crustaceans,no,yes,unknown,
gaskett2001,2001,jan,1999,1999,summer,temperate,pacific,australia,,,-52,-53.5,-55,157,159.5,162,electrona,gymnoscopelus,gymnoscopelus bolini,gymnoscopelus bolini,,,,,280,280,280,pisces,pisces,euphausiids,crustaceans,cephalopods,molluscs,no,yes,unknown,
gaskett2001,2001,jan,1999,1999,summer,temperate,pacific,australia pacific,,,-52,-53.5,-55,157,159.5,162,electrona,gymnoscopelus,gymnoscopelus braueri,gymnoscopelus braueri,,,,,220,280,220,amphipods,crustaceans,copepods,crustaceans,crustaceans,crustaceans,no,no,,
gaskett2001,2001,jan,1999,1999,summer,temperate,pacific,australia pacific,,,-52,-53.5,-55,157,159.5,162,electrona,gymnoscopelus,gymnoscopelus fraseri,gymnoscopelus fraseri,,,,,88,280,88,crustaceans,crustaceans,amphipods,crustaceans,euphausiids,crustaceans,no,no,,
gaskett2001,2001,jan,1999,1999,summer,temperate,pacific,australia,,,-52,-53.5,-55,157,159.5,162,electrona,gymnoscopelus,gymnoscopelus microlampas,gymnoscopelus microlampas,,,,,117,280,117,euphausiids,crustaceans,amphipods,crustaceans,crustaceans,crustaceans,no,yes,unknown,
gaskett2001,2001,jan,1999,1999,summer,temperate,pacific,australia pacific,,,-52,-53.5,-55,157,159.5,162,electrona,gymnoscopelus,gymnoscopelus nicholsi,gymnoscopelus nicholsi,,,,,191,280,191,crustaceans,crustaceans,copepods,crustaceans,euphausiids,crustaceans,no,no,,
gaskett2001,2001,jan,1999,1999,summer,temperate,pacific,australia pacific,,,-52,-53.5,-55,157,159.5,162,electrona,gymnoscopelus,gymnoscopelus piabilis,gymnoscopelus piabilis,,,,,146,280,146,amphipods,crustaceans,euphausiids,crustaceans,crustaceans,crustaceans,no,no,,
gaskett2001,2001,jan,1999,1999,summer,temperate,pacific,australia pacific,,,-52,-53.5,-55,157,159.5,162,electrona,kreffichthys,kreffichthys anderssoni,kreffichthys anderssoni,,,,,71,71,71,copepods,crustaceans,crustaceans,crustaceans,euphausiids,crustaceans,yes,no,,
gaskett2001,2001,jan,1999,1999,summer,temperate,pacific,australia pacific,,,-52,-53.5,-55,157,159.5,162,electrona,lampanyctus,lampanyctus achirus,lampanyctus achirus,,,,,162,300,162,amphipods,crustaceans,copepods,crustaceans,decapods,crustaceans,no,no,,
gaskett2001,2001,jan,1999,1999,summer,temperate,pacific,australia pacific,,,-52,-53.5,-55,157,159.5,162,electrona,protomyctophum,protomyctophum andriashevi,protomyctophum andriashevi,,,,,60,95,60,euphausiids,crustaceans,crustaceans,crustaceans,amphipods,crustaceans,no,no,,
gaskett2001,2001,jan,1999,1999,summer,temperate,pacific,australia pacific,,,-52,-53.5,-55,157,159.5,162,electrona,protomyctophum,protomyctophum bolini,protomyctophum bolini,,,,,67,95,67,euphausiids,crustaceans,copepods,crustaceans,amphipods,crustaceans,no,no,,
gaskett2001,2001,jan,1999,1999,summer,temperate,pacific,australia pacific,,,-52,-53.5,-55,157,159.5,162,electrona,protomyctophum,protomyctophum parallelum,protomyctophum parallelum,,,,,50,95,50,amphipods,crustaceans,copepods,crustaceans,,,no,no,,
gaskett2001,2001,jan,1999,1999,summer,temperate,pacific,australia pacific,,,-52,-53.5,-55,157,159.5,162,electrona,protomyctophum,protomyctophum tenisoni,protomyctophum tenisoni,,,,,54,95,54,copepods,crustaceans,euphausiids,crustaceans,amphipods,crustaceans,yes,no,,
gong2024,2024,,2015,2016,multiple,tropical,pacific,south china sea,75,750,10,14.5,19,111,115,119,diaphus,diaphus,diaphus brachycephalus,diaphus brachycephalus,,33,42,51,51,170,,copepods,,,,,,,yes,,
gong2024,2024,,2015,2016,multiple,tropical,pacific,south china sea,75,750,10,14.5,19,111,115,119,ceratoscopelus,ceratoscopelus,ceratoscopelus warmingii,ceratoscopelus warmingii,,31,46.5,62,62,184,,amphipods,,,,,,,yes,,
halliday2015,2015,,1988,1989,multiple,temperate,atlantic,slope sea,50,200,40,42,44,66,58,50,ceratoscopelus,ceratoscopelus,ceratoscopelus maderensis,ceratoscopelus maderensis,,13,44,75,75,184,,copepods,,,,,,,yes,,
halliday2015,2015,,1988,1989,multiple,temperate,atlantic,slope sea,50,200,40,42,44,66,58,50,benthosema,benthosema,benthosema glaciale,benthosema glaciale,,18,48.5,79,79,103,,copepods,,,,,,,yes,,
hopkins1992,1992,"jul,sep,oct,nov,dec,jan,feb,mar",1984,1987,multiple,temperate,atlantic,gulf of mexico,0,200,27,27,27,-86,-86,-86,benthosema,benthosema,benthosema suborbitale,benthosema suborbitale,,,,,39,103,39,copepods,crustaceans,euphausiids,crustaceans,ostracods,crustaceans,yes,no,,
hopkins1992,1992,"jul,sep,oct,nov,dec,jan,feb,mar",1984,1987,multiple,temperate,atlantic,gulf of mexico,0,200,27,27,27,-86,-86,-86,bolinichthys,bolinichthys,bolinichthys photothorax,bolinichthys photothorax,,,,,73,117,73,copepods,crustaceans,chaetognatha,chaetognatha,ostracods,crustaceans,yes,no,,
hopkins1992,1992,"jul,sep,oct,nov,dec,jan,feb,mar",1984,1987,multiple,temperate,atlantic,gulf of mexico,0,200,27,27,27,-86,-86,-86,ceratoscopelus,ceratoscopelus,ceratoscopelus warmingii,ceratoscopelus warmingii,,,,,102,184,102,copepods,crustaceans,siphonophores,gelatinous,decapods,crustaceans,yes,yes,,
hopkins1992,1992,"jul,sep,oct,nov,dec,jan,feb,mar",1984,1987,multiple,temperate,atlantic,gulf of mexico,0,200,27,27,27,-86,-86,-86,diaphus,diaphus,diaphus dumerilii,diaphus dumerilii,,,,,95,170,95,copepods,crustaceans,ostracods,crustaceans,chaetognatha,chaetognatha,yes,yes,,
hopkins1992,1992,"jul,sep,oct,nov,dec,jan,feb,mar",1984,1987,multiple,temperate,atlantic,gulf of mexico,0,200,27,27,27,-86,-86,-86,diaphus,diaphus,diaphus lucidus,diaphus lucidus,,,,,118,170,118,decapods,crustaceans,euphausiids,crustaceans,copepods,crustaceans,no,no,,
hopkins1992,1992,"jul,sep,oct,nov,dec,jan,feb,mar",1984,1987,multiple,temperate,atlantic,gulf of mexico,0,200,27,27,27,-86,-86,-86,diaphus,diaphus,diaphus mollis,diaphus mollis,,,,,66,170,66,copepods,crustaceans,chaetognatha,chaetognatha,siphonophores,gelatinous,yes,no,,
hopkins1992,1992,"jul,sep,oct,nov,dec,jan,feb,mar",1984,1987,multiple,temperate,atlantic,gulf of mexico,0,200,27,27,27,-86,-86,-86,diaphus,diaphus,diaphus perspicillatus,diaphus perspicillatus,,,,,104,170,104,copepods,crustaceans,euphausiids,crustaceans,amphipods,crustaceans,yes,no,,
hopkins1992,1992,"jul,sep,oct,nov,dec,jan,feb,mar",1984,1987,multiple,temperate,atlantic,gulf of mexico,0,200,27,27,27,-86,-86,-86,diaphus,diaphus,diaphus splendidus,diaphus splendidus,,,,,90,170,90,copepods,crustaceans,chaetognatha,chaetognatha,ostracods,crustaceans,yes,no,,
hopkins1992,1992,"jul,sep,oct,nov,dec,jan,feb,mar",1984,1987,multiple,temperate,atlantic,gulf of mexico,0,200,27,27,27,-86,-86,-86,diaphus,diaphus,diaphus taaningi,diaphus taaningi,,,,,70,170,70,euphausiids,crustaceans,copepods,crustaceans,siphonophores,gelatinous,no,no,,
hopkins1992,1992,"jul,sep,oct,nov,dec,jan,feb,mar",1984,1987,multiple,temperate,atlantic,gulf of mexico,0,200,27,27,27,-86,-86,-86,hygophum,hygophum,hygophum hygomii,hygophum hygomii,,,,,81,81,81,decapods,crustaceans,copepods,crustaceans,euphausiids,crustaceans,no,no,,
hopkins1992,1992,"jul,sep,oct,nov,dec,jan,feb,mar",1984,1987,multiple,temperate,atlantic,gulf of mexico,0,200,27,27,27,-86,-86,-86,lampanyctus,lampanyctus,lampanyctus alatus,lampanyctus alatus,,,,,61,300,61,copepods,crustaceans,euphausiids,crustaceans,amphipods,crustaceans,yes,yes,,
hopkins1992,1992,"jul,sep,oct,nov,dec,jan,feb,mar",1984,1987,multiple,temperate,atlantic,gulf of mexico,0,200,27,27,27,-86,-86,-86,lepidophanes,lepidophanes,lepidophanes guentheri,lepidophanes guentheri,,,,,80,80,80,copepods,crustaceans,euphausiids,crustaceans,ostracods,crustaceans,yes,yes,,
hopkins1992,1992,"jul,sep,oct,nov,dec,jan,feb,mar",1984,1987,multiple,temperate,atlantic,gulf of mexico,0,200,27,27,27,-86,-86,-86,lobianchia,lobianchia,lobianchia gemellarii,lobianchia gemellarii,,,,,60,60,60,euphausiids,crustaceans,copepods,crustaceans,ostracods,crustaceans,no,no,,
hopkins1992,1992,"jul,sep,oct,nov,dec,jan,feb,mar",1984,1987,multiple,temperate,atlantic,gulf of mexico,0,200,27,27,27,-86,-86,-86,myctophum,myctophum,myctophum affine,myctophum affine,,,,,79,110,79,copepods,crustaceans,chaetognatha,chaetognatha,amphipods,crustaceans,yes,no,,
hopkins1992,1992,"jul,sep,oct,nov,dec,jan,feb,mar",1984,1987,multiple,temperate,atlantic,gulf of mexico,0,200,27,27,27,-86,-86,-86,notoychnus,notolychnus,notolychnus valdiviae,notolychnus valdiviae,,,,,63,63,63,copepods,crustaceans,euphausiids,crustaceans,ostracods,crustaceans,yes,no,,
hopkins1992,1992,"jul,sep,oct,nov,dec,jan,feb,mar",1984,1987,multiple,temperate,atlantic,gulf of mexico,0,200,27,27,27,-86,-86,-86,notoscopelus,notoscopelus,notoscopelus resplendens,notoscopelus resplendens,,,,,95,143,95,copepods,crustaceans,euphausiids,crustaceans,decapods,crustaceans,yes,yes,,
hopkins1992,1992,"jul,sep,oct,nov,dec,jan,feb,mar",1984,1987,multiple,temperate,atlantic,gulf of mexico,0,200,27,27,27,-86,-86,-86,centrobranchus,centrobranchus,centrobranchus nigroocellatus,centrobranchus nigroocellatus,,65,65,65,65,65,50,molluscs,molluscs,,,,,no,no,,
hopkins2013,2013,"aug,sep,oct",1970,1981,multiple,temperate,atlantic,gulf of mexico,50,1000,27,27,27,-86,-86,-86,lampanyctus,lampanyctus,lampanyctus alatus,lampanyctus alatus,,15,29.5,44,44,300,61,copepods,crustaceans,euphausiids,crustaceans,ostracods,crustaceans,yes,yes,,
hudson2014,2014,"jun,jul",2004,2004,summer,temperate,atlantic,mid atlantic ridge,0,2300,45,52.5,60,-40,-30,-20,protomyctophum,protomyctophum,protomyctophum arcticum,protomyctophum arcticum,,15,30,45,45,95,60,copepods,crustaceans,ostracods,crustaceans,amphipods,crustaceans,yes,no,,
hudson2014,2014,"jun,jul",2004,2004,summer,temperate,atlantic,mid atlantic ridge,0,2300,45,52.5,60,-40,-30,-20,benthosema,benthosema,benthosema glaciale,benthosema glaciale,,10,40,70,70,103,103,copepods,crustaceans,ostracods,crustaceans,euphausiids,crustaceans,yes,yes,unknown,
hudson2014,2014,"jun,jul",2004,2004,summer,temperate,atlantic,mid atlantic ridge,0,2300,45,52.5,60,-40,-30,-20,hygophum,hygophum,hygophum hygomii,hygophum hygomii,,25,42.5,60,60,81,81,copepods,crustaceans,ostracods,crustaceans,euphausiids,crustaceans,yes,yes,unknown,
kawaguchi1982,1982,"jul,feb",1973,1976,multiple,temperate,atlantic,ireland,0,2700,55,55,55,-12,-12,-12,protomyctophum,protomyctophum,protomyctophum arcticum,protomyctophum arcticum,,5,20,35,35,95,60,copepods,crustaceans,ostracods,crustaceans,amphipods,crustaceans,yes,no,,
kawaguchi1982,1982,"jul,feb",1973,1976,multiple,temperate,atlantic,ireland,0,2700,55,55,55,-12,-12,-12,benthosema,benthosema,benthosema glaciale,benthosema glaciale,,20,35,50,50,103,103,copepods,crustaceans,amphipods,crustaceans,euphausiids,crustaceans,yes,yes,,
kawaguchi1982,1982,"jul,feb",1973,1976,multiple,temperate,atlantic,ireland,0,2700,55,55,55,-12,-12,-12,lampanyctus,lampanyctus,lampanyctus macdonaldi,lampanyctus macdonaldi,,5,67.5,130,130,300,160,copepods,crustaceans,ostracods,crustaceans,crustaceans,crustaceans,yes,no,,
kinzer1985,1985,"mar,april,aug",1974,1979,multiple,tropical,atlantic,tropical atlantic,0,200,3,0.5,-2,-22,-22,-22,notolychnus,notolychnus,notolychnus valdiviae,notolychnus valdiviae,,25,25,25,25,63,63,copepods,crustaceans,ostracods,crustaceans,appendicularians,gelatinous,yes,no,,
kinzer1985,1985,"mar,april,aug",1974,1979,multiple,tropical,atlantic,tropical atlantic,0,200,3,0.5,-2,-22,-22,-22,diaphus,diaphus,diaphus brachycephalus,diaphus brachycephalus,,28,28,28,28,170,60,copepods,crustaceans,ostracods,crustaceans,,,yes,no,,
kinzer1985,1985,"mar,april,aug",1974,1979,multiple,tropical,atlantic,,0,200,3,0.5,-2,-22,-22,-22,ceratoscopelus,ceratoscopelus,ceratoscopelus warmingii,ceratoscopelus warmingii,,34,34,34,34,184,102,appendicularians,urochardates,copepods,crustaceans,salps,gelatinous,no,yes,,
kinzer1985,1985,"mar,april,aug",1974,1979,multiple,tropical,atlantic,tropical atlantic,0,200,3,0.5,-2,-22,-22,-22,diaphus,diaphus,diaphus leutkeni,diaphus leutkeni,,35,35,35,35,170,60,copepods,crustaceans,ostracods,crustaceans,amphipods,crustaceans,yes,no,,
kinzer1985,1985,"mar,april,aug",1974,1979,multiple,tropical,atlantic,,0,200,3,0.5,-2,-22,-22,-22,lampanyctus,lampanyctus,lampanyctus alatus,lampanyctus alatus,,41,41,41,41,300,61,copepods,crustaceans,euphausiids,crustaceans,ostracods,crustaceans,yes,yes,,
kinzer1985,1985,"mar,april,aug",1974,1979,multiple,tropical,atlantic,tropical atlantic,0,200,3,0.5,-2,-22,-22,-22,diaphus,diaphus,diaphus dumerilii,diaphus dumerilii,,43,43,43,43,170,95,copepods,crustaceans,appendicularians,gelatinous,ostracods,crustaceans,yes,no,,
kinzer1985,1985,"mar,april,aug",1974,1979,multiple,tropical,atlantic,tropical atlantic,0,200,3,0.5,-2,-22,-22,-22,lepidophanes,lepidophanes,lepidophanes guentheri,lepidophanes guentheri,,46,46,46,46,80,80,copepods,crustaceans,appendicularians,gelatinous,euphausiids,crustaceans,yes,no,,
kinzer1993,1993,"april,may,jun",1987,1987,spring,tropical,indian,arabian sea,0,1000,24,21,18,62,64.5,67,diaphus,diaphus,diaphus arabicus,diaphus arabicus,,20,29.5,39,39,170,,copepods,crustaceans,appendicularians,gelatinous,ostracods,crustaceans,yes,yes,unknown,
kinzer1993,1993,"april,may,jun",1987,1987,spring,tropical,indian,arabian sea,0,1000,24,21,18,62,64.5,67,benthosema,benthosema,benthosema pterotum,benthosema pterotum,,15,29.5,44,44,103,70,copepods,crustaceans,ostracods,crustaceans,euphausiids,crustaceans,yes,yes,unknown,
kinzer1993,1993,"april,may,jun",1987,1987,spring,tropical,indian,arabian sea,0,1000,24,21,18,62,64.5,67,hygophum,hygophum,hygophum proximum,hygophum proximum,,15,29.5,44,44,81,50,copepods,crustaceans,chaetognatha,chaetognatha,appendicularians,gelatinous,yes,no,,
kinzer1993,1993,"april,may,jun",1987,1987,spring,tropical,indian,arabian sea,0,1000,24,21,18,62,64.5,67,benthosema,benthosema,benthosema fibulatum,benthosema fibulatum,,20,34.5,49,49,103,100,copepods,crustaceans,ostracods,crustaceans,euphausiids,crustaceans,yes,no,,
kinzer1993,1993,"april,may,jun",1987,1987,spring,tropical,indian,arabian sea,0,1000,24,21,18,62,64.5,67,bolinichthys,bolinichthys,bolinichthys longipes,bolinichthys longipes,,20,34.5,49,49,117,50,copepods,crustaceans,ostracods,crustaceans,appendicularians,gelatinous,yes,yes,myctophid,
kinzer1993,1993,"april,may,jun",1987,1987,spring,tropical,indian,arabian sea,0,1000,24,21,18,62,64.5,67,diaphus,diaphus,diaphus thriollierei,diaphus thiollierei,,45,45,45,45,170,100,copepods,crustaceans,appendicularians,gelatinous,euphausiids,crustaceans,yes,yes,myctophid,
knutsen2023,2023,"may,june",2013,2013,spring,arctic,atlantic,norway,0,1000,55,62.5,70,60,30,0,benthosema,benthosema,benthosema glaciale,benthosema glaciale,,23,49,75,75,103,,copepods,,,,,,,no,,
kosenok2006,2006,"nov,aug",2001,2002,multiple,temperate,pacific,,0,500,40,43,46,148,155,162,diaphus,diaphus,diaphus theta,diaphus theta,,40,70,100,100,170,114,euphausiids,crustaceans,amphipods,crustaceans,copepods,crustaceans,no,yes,,
kubota1980,1980,nov,1969,1970,fall,temperate,pacific,japan,,,34,34.5,35,138,138,138,benthosema,benthosema,benthosema pterotum,benthosema pterotum,,,,,70,103,70,copepods,crustaceans,euphausiids,crustaceans,ostracods,crustaceans,yes,yes,,
kubota1980,1980,nov,1969,1970,fall,temperate,pacific,japan,,,34,34.5,35,138,138,138,diaphus,diaphus,diaphus suborbitalis,diaphus suborbitalis,,,,,73,170,73,copepods,crustaceans,euphausiids,crustaceans,ostracods,crustaceans,yes,yes,,
kubota1980,1980,nov,1969,1970,fall,temperate,pacific,japan,,,34,34.5,35,138,138,138,myctophum,myctophum,myctophum nitidulum,myctophum nitidulum,,,,,83,110,83,copepods,crustaceans,crustacean larvae,crustaceans,euphausiids,crustaceans,yes,yes,,
kubota1980,1980,nov,1969,1970,fall,temperate,pacific,japan,,,34,34.5,35,138,138,138,myctophum,myctophum,myctophum orientale,myctophum orientale,,,,,110,110,,copepods,crustaceans,crustacean larvae,crustaceans,ostracods,crustaceans,yes,yes,,
mccrone1981,1981,"jul,aug",1973,1972,summer,temperate,pacific,,0,440,50,-57.5,-65,-60,-47.5,-145,diaphus,diaphus,diaphus theta,diaphus theta,,36,62,88,88,170,114,euphausiids,crustaceans,,,,,no,yes,,
mccrone1981,1981,"jul,aug",1973,1972,summer,temperate,pacific,,0,440,50,-57.5,-65,-60,-47.5,-145,stenobrachius,stenobrachius,stenobrachius leucopsarus,stenobrachius leucopsarus,,18,65,112,112,130,130,euphausiids,crustaceans,,,,,no,yes,,
merrett1974,1974,april,1972,1972,spring,temperate,atlantic,morrocco,0,2000,30,30,30,-23,-23,-23,notolychnus,notolychnus,notolychnus valdiviae,notolychnus valdiviae,,12,17.5,23,23,63,63,copepods,crustaceans,ostracods,crustaceans,euphausiids,crustaceans,yes,no,,
merrett1974,1974,april,1972,1972,spring,temperate,atlantic,morrocco,0,2000,30,30,30,-23,-23,-23,lobianchia,lobianchia,lobianchia dofleini,lobianchia dofleini,,13,22.5,32,32,60,60,copepods,crustaceans,ostracods,crustaceans,,,yes,no,,
merrett1974,1974,april,1972,1972,spring,temperate,atlantic,morrocco,0,2000,30,30,30,-23,-23,-23,lampanyctus,lampanyctus,lampanyctus cuprarius,lampanyctus cuprarius,,30,51.5,73,73,300,79,amphipods,crustaceans,copepods,crustaceans,ostracods,crustaceans,no,yes,unknown,
nirazuka2021,2021,january,2017,2017,winter,antarctic,antarctic,wilkes land,200,400,-63.5,-63.5,-63.5,110,110,110,electrona,electrona,electrona antarctica,electrona antarctica,larvae,5,10,15,15,127,,diatom,,,,,,,no,,
olivar2019,2019,,,,unknown,tropical,atlantic,brazil,0,200,-10,8,26,-40,-25,-10,diogenichthys,diogenichthys,diogenichthys atlanticus,diogenichthys atlanticus,,19,19,19,19,50,,,,,,,,,yes,myctophid,
olivar2019,2019,,,,unknown,tropical,atlantic,brazil,0,200,-10,8,26,-40,-25,-10,notolychnus,notolychnus,notolychnus valdiviae,notolychnus valdiviae,,20,20,20,20,63,,,,,,,,,yes,myctophid,
olivar2019,2019,,,,unknown,tropical,atlantic,brazil,0,200,-10,8,26,-40,-25,-10,benthosema,benthosema,benthosema suborbitale,benthosema suborbitale,,24,26,28,28,103,,,,,,,,,yes,myctophid,
olivar2019,2019,,,,unknown,tropical,atlantic,brazil,0,200,-10,8,26,-40,-25,-10,lobianchia,lobianchia,lobianchia dofleini,lobianchia dofleini,,28,28,28,28,60,,,,,,,,,yes,myctophid,
olivar2019,2019,,,,unknown,tropical,atlantic,brazil,0,200,-10,8,26,-40,-25,-10,benthosema,benthosema,benthosema glaciale,benthosema glaciale,,34,34,34,34,103,,,,,,,,,yes,myctophid,
olivar2019,2019,,,,unknown,tropical,atlantic,brazil,0,200,-10,8,26,-40,-25,-10,lampanyctus,lampanyctus,lampanyctus pusillus,lampanyctus pusillus,,34,34,34,34,300,,,,,,,,,yes,myctophid,
olivar2019,2019,,,,unknown,tropical,atlantic,brazil,0,200,-10,8,26,-40,-25,-10,diaphus,diaphus,diaphus vanhoeffeni,diaphus vanhoeffeni,,35,35,35,35,170,,,,,,,,,yes,myctophid,
olivar2019,2019,,,,unknown,tropical,atlantic,brazil,0,200,-10,8,26,-40,-25,-10,notoscopelus,notoscopelus,notoscopelus resplendens,notoscopelus resplendens,,35,38,41,41,143,,,,,,,,,yes,myctophid,
olivar2019,2019,,,,unknown,tropical,atlantic,brazil,0,200,-10,8,26,-40,-25,-10,diaphus,diaphus,diaphus brachycephalus,diaphus brachycephalus,,33,40.5,48,48,170,,,,,,,,,yes,myctophid,
olivar2019,2019,,,,unknown,tropical,atlantic,brazil,0,200,-10,8,26,-40,-25,-10,hygophum,hygophum,hygophum macrochir,hygophum macrochir,,41,41,41,41,81,,,,,,,,,yes,myctophid,
olivar2019,2019,,,,unknown,tropical,atlantic,brazil,0,200,-10,8,26,-40,-25,-10,diaphus,diaphus,diaphus holti,diaphus holti,,44,44,44,44,170,,,,,,,,,yes,myctophid,
olivar2019,2019,,,,unknown,tropical,atlantic,brazil,0,200,-10,8,26,-40,-25,-10,lampanyctus,lampanyctus,lampanyctus nobilis,lampanyctus nobilis,,47,47,47,47,300,,,,,,,,,yes,myctophid,
olivar2019,2019,,,,unknown,tropical,atlantic,brazil,0,200,-10,8,26,-40,-25,-10,lampanyctus,lampanyctus,lampanyctus alatus,lampanyctus alatus,,48,48.5,49,49,300,,,,,,,,,yes,myctophid,
olivar2019,2019,,,,unknown,tropical,atlantic,brazil,0,200,-10,8,26,-40,-25,-10,lepidophanes,lepidophanes,lepidophanes guentheri,lepidophanes guentheri,,52,52,52,52,80,,,,,,,,,yes,myctophid,
olivar2019,2019,,,,unknown,tropical,atlantic,brazil,0,200,-10,8,26,-40,-25,-10,diaphus,diaphus,diaphus dumerilii,diaphus dumerilii,,53,53,53,53,170,,,,,,,,,yes,myctophid,
olivar2019,2019,,,,unknown,tropical,atlantic,brazil,0,200,-10,8,26,-40,-25,-10,diaphus,diaphus,diaphus mollis,diaphus mollis,,53,53,53,53,170,,,,,,,,,yes,myctophid,
olivar2019,2019,,,,unknown,tropical,atlantic,brazil,0,200,-10,8,26,-40,-25,-10,diaphus,diaphus,diaphus rafnesquii,diaphus rafnesquii,,57,57.5,58,58,170,,,,,,,,,yes,myctophid,
olivar2019,2019,,,,unknown,tropical,atlantic,brazil,0,200,-10,8,26,-40,-25,-10,ceratoscopelus,ceratoscopelus,ceratoscopelus warmingii,ceratoscopelus warmingii,,58,58,58,58,184,,,,,,,,,yes,myctophid,
olivar2019,2019,,,,unknown,tropical,atlantic,brazil,0,200,-10,8,26,-40,-25,-10,myctophum,myctophum,myctophum nitidulum,myctophum nitidulum,,56,64.5,73,73,110,,,,,,,,,yes,myctophid,
olivar2019,2019,,,,unknown,tropical,atlantic,brazil,0,200,-10,8,26,-40,-25,-10,myctophum,myctophum,myctophum punctatum,myctophum punctatum,,66,66,66,66,110,,,,,,,,,yes,myctophid,
pakhomov1996,1996,"feb,mar",1994,1985,multiple,polar,antarctic,southern ocean,0,80,-40,-54.5,-69,22,-8.5,-39,hygophum,hygophum,hygophum hygomii,hygophum hygomii,,14,15.5,17,17,81,81,copepods,crustaceans,,,,,yes,no,,
pakhomov1996,1996,"feb,mar",1994,1985,multiple,polar,antarctic,southern ocean,0,80,-40,-54.5,-69,22,-8.5,-39,electrona,electrona,electrona carlsbergi,electrona carlsbergi,,13,15.5,18,18,127,112,copepods,crustaceans,chaetognatha,chaetognatha,,,yes,no,,
pakhomov1996,1996,"feb,mar",1994,1985,multiple,polar,antarctic,southern ocean,0,80,-40,-54.5,-69,22,-8.5,-39,diogenichthys,diogenichthys,diogenichthys atlanticus,diogenichthys atlanticus,,14,16,18,18,50,29,copepods,crustaceans,tunicates,gelatinous,,,yes,no,,
pakhomov1996,1996,"feb,mar",1994,1985,multiple,polar,antarctic,southern ocean,0,80,-40,-54.5,-69,22,-8.5,-39,bolinichthys,bolinichthys,bolinichthys supralateralis,bolinichthys supralateralis,,17,17,17,17,117,117,copepods,crustaceans,,,,,yes,no,,
pakhomov1996,1996,"feb,mar",1994,1985,multiple,polar,antarctic,southern ocean,0,80,-40,-54.5,-69,22,-8.5,-39,scopelopsis,scopelopsis,scopelopsis multipunctatus,scopelopsis multipunctatus,,16,17,18,18,91,91,copepods,crustaceans,,,,,yes,no,,
pakhomov1996,1996,"feb,mar",1994,1985,multiple,polar,antarctic,southern ocean,0,80,-40,-54.5,-69,22,-8.5,-39,lampadema,lampadena,lampadena pontifex,lampadena pontifex,,19,19.5,20,20,110,110,copepods,crustaceans,euphausiids,crustaceans,,,yes,no,,
pakhomov1996,1996,"feb,mar",1994,1985,multiple,polar,antarctic,southern ocean,0,80,-40,-54.5,-69,22,-8.5,-39,benthosema,benthosema,benthosema suborbitale,benthosema suborbitale,,11,20,29,29,103,39,copepods,crustaceans,euphausiids,crustaceans,,,yes,no,,
pakhomov1996,1996,"feb,mar",1994,1985,multiple,polar,antarctic,southern ocean,0,80,-40,-54.5,-69,22,-8.5,-39,symbolophorus,symbolophorus,symbolophorus evermanni,symbolophorus evermanni,,22,22,22,22,160,117,copepods,crustaceans,,,,,yes,no,,
pakhomov1996,1996,"feb,mar",1994,1985,multiple,polar,antarctic,southern ocean,0,80,-40,-54.5,-69,22,-8.5,-39,symbolophorus,symbolophorus,symbolophorus barnardi,symbolophorus barnardi,,23,24,25,25,160,116,copepods,crustaceans,amphipods,crustaceans,,,yes,no,,
pakhomov1996,1996,"feb,mar",1994,1985,multiple,polar,antarctic,southern ocean,0,80,-40,-54.5,-69,22,-8.5,-39,lampanyctus,lampanyctus,lampanyctus alatus,lampanyctus alatus,,19,25,31,31,300,61,copepods,crustaceans,euphausiids,crustaceans,amphipods,crustaceans,yes,no,,
pakhomov1996,1996,"feb,mar",1994,1985,multiple,polar,antarctic,southern ocean,0,80,-40,-54.5,-69,22,-8.5,-39,lampanyctus,lampanyctus,lampanyctus pusillus,lampanyctus pusillus,,21,26.5,32,32,300,43,copepods,crustaceans,ostracods,crustaceans,,,yes,no,,
pakhomov1996,1996,"feb,mar",1994,1985,multiple,polar,antarctic,southern ocean,0,80,-40,-54.5,-69,22,-8.5,-39,diaphus,diaphus,diaphus meadi,diaphus meadi,,17,26.5,36,36,170,54,copepods,crustaceans,,,,,yes,no,,
pakhomov1996,1996,"feb,mar",1994,1985,multiple,polar,antarctic,southern ocean,0,80,-40,-54.5,-69,22,-8.5,-39,protomyctophum,protomyctophum,protomyctophum luciferum,protomyctophum luciferum,,24,29.5,35,35,95,61,copepods,crustaceans,ostracods,crustaceans,,,yes,no,,
pakhomov1996,1996,"feb,mar",1994,1985,multiple,polar,antarctic,southern ocean,0,80,-40,-54.5,-69,22,-8.5,-39,hygophum,hygophum,hygophum hanseni,hygophum hanseni,,20,30,40,40,81,67,copepods,crustaceans,euphausiids,crustaceans,,,yes,no,,
pakhomov1996,1996,"feb,mar",1994,1985,multiple,polar,antarctic,southern ocean,0,80,-40,-54.5,-69,22,-8.5,-39,lampanyctus,lampanyctus,lampanyctus australis,lampanyctus australis,,25,31,37,37,300,131,copepods,crustaceans,amphipods,crustaceans,,,yes,no,,
pakhomov1996,1996,"feb,mar",1994,1985,multiple,polar,antarctic,southern ocean,0,80,-40,-54.5,-69,22,-8.5,-39,diaphus,diaphus,diaphus hudsoni,diaphus hudsoni,,15,31.5,48,48,170,84,copepods,crustaceans,tunicates,gelatinous,chaetognatha,chaetognatha,yes,no,,
pakhomov1996,1996,"feb,mar",1994,1985,multiple,polar,antarctic,southern ocean,0,80,-40,-54.5,-69,22,-8.5,-39,gymnoscopelus,gymnoscopelus,gymnoscopelus microlampas,gymnoscopelus microlampas,,32,32,32,32,280,117,copepods,crustaceans,chaetognatha,chaetognatha,,,yes,no,,
pakhomov1996,1996,"feb,mar",1994,1985,multiple,polar,antarctic,southern ocean,0,80,-40,-54.5,-69,22,-8.5,-39,diaphus,diaphus,diaphus leutkeni,diaphus leutkeni,,31,32,33,33,170,60,copepods,crustaceans,chaetognatha,chaetognatha,,,yes,no,,
pakhomov1996,1996,"feb,mar",1994,1985,multiple,polar,antarctic,southern ocean,0,80,-40,-54.5,-69,22,-8.5,-39,kreffichthys,kreffichthys,kreffichthys anderssoni,kreffichthys anderssoni,,14,33.5,53,53,71,71,copepods,crustaceans,euphausiids,crustaceans,,,yes,no,,
pakhomov1996,1996,"feb,mar",1994,1985,multiple,polar,antarctic,southern ocean,0,80,-40,-54.5,-69,22,-8.5,-39,electrona,electrona,electrona subaspera,electrona subaspera,,22,34.5,47,47,127,127,copepods,crustaceans,molluscs,molluscs,euphausiids,crustaceans,yes,no,,
pakhomov1996,1996,"feb,mar",1994,1985,multiple,polar,antarctic,southern ocean,0,80,-40,-54.5,-69,22,-8.5,-39,lobianchia,lobianchia,lobianchia dofleini,lobianchia dofleini,,34,36,38,38,60,60,copepods,crustaceans,,,,,yes,no,,
pakhomov1996,1996,"feb,mar",1994,1985,multiple,polar,antarctic,southern ocean,0,80,-40,-54.5,-69,22,-8.5,-39,diaphus,diaphus,diaphus taaningi,diaphus taaningi,,12,36,60,60,170,70,copepods,crustaceans,molluscs,molluscs,chaetognatha,chaetognatha,yes,no,,
pakhomov1996,1996,"feb,mar",1994,1985,multiple,polar,antarctic,southern ocean,0,80,-40,-54.5,-69,22,-8.5,-39,protomyctophum,protomyctophum,protomyctophum normani,protomyctophum normani,,17,36.5,56,56,95,56,copepods,crustaceans,euphausiids,crustaceans,amphipods,crustaceans,yes,no,,
pakhomov1996,1996,"feb,mar",1994,1985,multiple,polar,antarctic,southern ocean,0,80,-40,-54.5,-69,22,-8.5,-39,protomyctophum,protomyctophum,protomyctophum andriashevi,protomyctophum andriashevi,,23,37.5,52,52,95,60,copepods,crustaceans,ostracods,crustaceans,amphipods,crustaceans,yes,no,,
pakhomov1996,1996,"feb,mar",1994,1985,multiple,polar,antarctic,southern ocean,0,80,-40,-54.5,-69,22,-8.5,-39,ceratoscopelus,ceratoscopelus,ceratoscopelus warmingii,ceratoscopelus warmingii,,16,45.5,75,75,184,102,copepods,crustaceans,euphausiids,crustaceans,ostracods,crustaceans,yes,no,,
pakhomov1996,1996,"feb,mar",1994,1985,multiple,polar,antarctic,southern ocean,0,80,-40,-54.5,-69,22,-8.5,-39,notoscopelus,notoscopelus,notoscopelus resplendens,notoscopelus resplendens,,42,49.5,57,57,143,95,copepods,crustaceans,euphausiids,crustaceans,polychaetes,polychaetes,yes,no,,
pakhomov1996,1996,"feb,mar",1994,1985,multiple,polar,antarctic,southern ocean,0,80,-40,-54.5,-69,22,-8.5,-39,protomyctophum,protomyctophum,protomyctophum choriodon,protomyctophum choriodon,,25,50.5,76,76,95,95,copepods,crustaceans,amphipods,crustaceans,euphausiids,crustaceans,yes,no,,
pakhomov1996,1996,"feb,mar",1994,1985,multiple,polar,antarctic,southern ocean,0,80,-40,-54.5,-69,22,-8.5,-39,metelectrona,metelectrona,metelectrona herwigi,metelectrona herwigi,,46,51.5,57,57,55,55,euphausiids,crustaceans,copepods,crustaceans,molluscs,molluscs,no,no,,
pakhomov1996,1996,"feb,mar",1994,1985,multiple,polar,antarctic,southern ocean,0,80,-40,-54.5,-69,22,-8.5,-39,protomyctophum,protomyctophum,protomyctophum bolini,protomyctophum bolini,,53,55,57,57,95,67,copepods,crustaceans,amphipods,crustaceans,euphausiids,crustaceans,yes,no,,
pakhomov1996,1996,"feb,mar",1994,1985,multiple,polar,antarctic,southern ocean,0,80,-40,-54.5,-69,22,-8.5,-39,electrona,electrona,electrona antarctica,electrona antarctica,,25,55,85,85,127,115,copepods,crustaceans,chaetognatha,chaetognatha,euphausiids,crustaceans,yes,no,,
pakhomov1996,1996,"feb,mar",1994,1985,multiple,polar,antarctic,southern ocean,0,80,-40,-54.5,-69,22,-8.5,-39,electrona,electrona,electrona paucirastra,electrona paucirastra,,48,57,66,66,127,70,copepods,crustaceans,molluscs,molluscs,euphausiids,crustaceans,yes,no,,
pakhomov1996,1996,"feb,mar",1994,1985,multiple,polar,antarctic,southern ocean,0,80,-40,-54.5,-69,22,-8.5,-39,symbolophorus,symbolophorus,symbolophorus boops,symbolophorus boops,,25,61,97,97,160,160,copepods,crustaceans,euphausiids,crustaceans,amphipods,crustaceans,yes,yes,,
pakhomov1996,1996,"feb,mar",1994,1985,multiple,polar,antarctic,southern ocean,0,80,-40,-54.5,-69,22,-8.5,-39,gymnoscopelus,gymnoscopelus,gymnoscopelus bolini,gymnoscopelus bolini,,24,61,98,98,280,280,copepods,crustaceans,euphausiids,crustaceans,ostracods,crustaceans,yes,no,,
pakhomov1996,1996,"feb,mar",1994,1985,multiple,polar,antarctic,southern ocean,0,80,-40,-54.5,-69,22,-8.5,-39,diaphus,diaphus,diaphus effulgens,diaphus effulgens,,73,73,73,73,170,150,copepods,crustaceans,pisces,pisces,,,yes,yes,myctophids,
pakhomov1996,1996,"feb,mar",1994,1985,multiple,polar,antarctic,southern ocean,0,80,-40,-54.5,-69,22,-8.5,-39,gymnoscopelus,gymnoscopelus,gymnoscopelus nicholsi,gymnoscopelus nicholsi,,69,104,139,139,280,191,copepods,crustaceans,euphausiids,crustaceans,chaetognatha,chaetognatha,yes,no,,
pakhomov1996,1996,"feb,mar",1994,1985,multiple,polar,antarctic,southern ocean,0,80,-40,-54.5,-69,22,-8.5,-39,gymnoscopelus,gymnoscopelus,gymnoscopelus opisthopterus,gymnoscopelus opisthopterus,,64,109,154,154,280,162,euphausiids,crustaceans,copepods,crustaceans,chaetognatha,chaetognatha,no,no,,
pearcy1979,1979,"sep,nov,jun",1972,1974,multiple,temperate,pacific,us,0,700,44.666,44.666,44.666,-125.583,-125.583,-125.583,stenobrachius,stenobrachius,stenobrachius leucopsarus,stenobrachius leucopsarus,,20,50,80,80,130,130,euphausiids,crustaceans,copepods,crustaceans,ostracods,crustaceans,no,yes,,
podraxhanskaya1993,1993,"jul,aug,sept,oct",1983,1983,summer,temperate,atlantic,canada,60,400,40,45,50,-60,-45,-30,protomyctophum,protomyctophum,protomyctophum arcticum,protomyctophum arcticum,,35,37.5,40,40,95,60,copepods,crustaceans,,,,,yes,no,,
podraxhanskaya1993,1993,"jul,aug,sept,oct",1983,1983,summer,temperate,atlantic,canada,60,400,40,45,50,-60,-45,-30,hygophum,hygophum,hygophum benoiti,hygophum benoiti,,40,50,60,60,81,78,copepods,crustaceans,amphipods,crustaceans,euphausiids,crustaceans,yes,yes,,
podraxhanskaya1993,1993,"jul,aug,sept,oct",1983,1983,summer,temperate,atlantic,canada,60,400,40,45,50,-60,-45,-30,benthosema,benthosema,benthosema glaciale,benthosema glaciale,,35,50,65,65,103,103,copepods,crustaceans,amphipods,crustaceans,euphausiids,crustaceans,yes,yes,,
podraxhanskaya1993,1993,"jul,aug,sept,oct",1983,1983,summer,temperate,atlantic,canada,60,400,40,45,50,-60,-45,-30,diaphus,diaphus,diaphus rafinesquii,diaphus rafinesquii,,30,50,70,70,170,94,euphausiids,crustaceans,copepods,crustaceans,decapods,crustaceans,no,no,,
podraxhanskaya1993,1993,"jul,aug,sept,oct",1983,1983,summer,temperate,atlantic,canada,60,400,40,45,50,-60,-45,-30,ceratoscopelus,ceratoscopelus,ceratoscopelus maderennsis,ceratoscopelus maderennsis,,45,62.5,80,80,184,89,amphipods,crustaceans,euphausiids,crustaceans,copepods,crustaceans,no,no,,
podraxhanskaya1993,1993,"jul,aug,sept,oct",1983,1983,summer,temperate,atlantic,canada,60,400,40,45,50,-60,-45,-30,lobianchia,lobianchia,lobianchia dofleini,lobianchia dofleini,,30,70,110,110,60,60,copepods,crustaceans,euphausiids,crustaceans,amphipods,crustaceans,yes,yes,,
podraxhanskaya1993,1993,"jul,aug,sept,oct",1983,1983,summer,temperate,atlantic,canada,60,400,40,45,50,-60,-45,-30,myctophum,myctophum,myctophum punctatum,myctophum punctatum,,55,72.5,90,90,110,110,euphausiids,crustaceans,copepods,crustaceans,amphipods,crustaceans,no,no,,
podraxhanskaya1993,1993,"jul,aug,sept,oct",1983,1983,summer,temperate,atlantic,canada,60,400,40,45,50,-60,-45,-30,electrona,electrona,electrona risso,electrona risso,,60,75,90,90,127,84,copepods,crustaceans,euphausiids,crustaceans,decapods,crustaceans,yes,yes,,
podraxhanskaya1993,1993,"jul,aug,sept,oct",1983,1983,summer,temperate,atlantic,canada,60,400,40,45,50,-60,-45,-30,notoscopelus,notoscopelus,notoscopelus bolini,notoscopelus bolini,,45,75,105,105,143,102,euphausiids,crustaceans,copepods,crustaceans,pisces,pisces,no,yes,,
podraxhanskaya1993,1993,"jul,aug,sept,oct",1983,1983,summer,temperate,atlantic,canada,60,400,40,45,50,-60,-45,-30,symbolophorus,symbolophorus,symbolophorus veranyi,symbolophorus veranyi,,85,102.5,120,120,160,125,pisces,pisces,amphipods,crustaceans,euphausiids,crustaceans,no,yes,,
podraxhanskaya1993,1993,"jul,aug,sept,oct",1983,1983,summer,temperate,atlantic,canada,60,400,40,45,50,-60,-45,-30,notoscopelus,notoscopelus,notoscopelus elongatus,notoscopelus elongatus,,75,105,135,135,143,142,euphausiids,crustaceans,copepods,crustaceans,polychaetes,polychaetes,no,no,,
pusch2004,2004,sep,1998,1998,fall,temperate,atlantic,morrocco,0,400,29,29.5,30,-28,-28,-28,lobianchia,lobianchia,lobianchia dofleini,lobianchia dofleini,,21,27.5,34,34,60,60,ostracods,crustaceans,copepods,crustaceans,euphausiids,crustaceans,no,yes,,
pusch2004,2004,sep,1998,1998,fall,temperate,atlantic,morrocco,0,400,29,29.5,30,-28,-28,-28,hygophum,hygophum,hygophum hygomii,hygophum hygomii,,29,46,63,63,81,81,amphipods,crustaceans,copepods,crustaceans,pteropods,molluscs,no,no,,
pusch2004,2004,sep,1998,1998,fall,temperate,atlantic,morrocco,0,400,29.785,29.992,30.2,-28.234,-28.434,-28.634,ceratoscopelus,ceratoscopelus,ceratoscopelus warmingii,ceratoscopelus warmingii,,20,48,76,76,184,102,amphipods,crustaceans,pteropods,molluscs,ostracods,crustaceans,no,no,,
riaz2020,2020,"jan,feb",2016,2016,summer,polar,antarctic,kerguelen axis,0,1000,-60,-62.5,-65,95,85,75,kreffichthys,kreffichthys,kreffichthys anderssoni,kreffichthys anderssoni,,25,52.5,80,80,71,71,copepods,crustaceans,euphausiids,crustaceans,crustaceans,crustaceans,yes,yes,,
riaz2020,2020,"jan,feb",2016,2016,summer,polar,antarctic,kerguelen axis,0,1000,-60,-62.5,-65,95,85,75,electrona,electrona,electrona antarctica,electrona antarctica,,25,75,125,125,127,115,amphipods,crustaceans,pisces,pisces,euphausiids,crustaceans,no,yes,,
riaz2020,2020,"jan,feb",2016,2016,summer,polar,antarctic,kerguelen axis,0,1000,-60,-62.5,-65,95,85,75,gymnoscopelus,gymnoscopelus,gymnoscopelus braueri,gymnoscopelus braueri,,65,107.5,150,150,280,220,euphausiids,crustaceans,amphipods,crustaceans,crustaceans,crustaceans,no,yes,,
rodriguez2005,2005,"jan,feb,march,april,may,jun,jul",1997,1997,summer,tropical,pacific,chile,0,150,-23,-27.5,-32,-71,-70,-71,diogenichthys,diogenichthys,diogenichthys laternatus,diogenichthys laternatus,larvae,2,6.5,11,11,50,50,crustaceans,crustaceans,ostracods,crustaceans,copepods,crustaceans,no,no,,
rodriguez2005,2005,"jan,feb,march,april,may,jun,jul",1997,1997,summer,tropical,pacific,chile,0,150,-23,-27.5,-32,-71,-70,-71,triphoturus,triphoturus,triphoturus mexicanus,triphoturus mexicanus,larvae,2,6.5,11,11,81,70,crustaceans,crustaceans,ostracods,crustaceans,copepods,crustaceans,no,yes,,
ruiz2024,2024,"oct,nov,dec",2006,2009,multiple,temperate,atlantic,scotia sea,0,1000,-50,-55,-60,-50,-40,-30,electrona,electrona,electrona antarctica,electrona antarctica,,,,,127,127,,euphausiids,,,,,,,no,,
sameoto1988,1988,"april,may,jun,jul,oc",1977,1985,multiple,tropical,atlantic,canada,0,1400,42,43,44,-61,-59.5,-58,benthosema,benthosema,benthosema glaciale,benthosema glaciale,,15,47.5,80,80,103,103,copepods,crustaceans,amphipods,crustaceans,euphausiids,crustaceans,yes,yes,,
sassa 2023,2023,"feb,march",2008,2017,spring,temperate,pacific,south china sea,0,563,25,27.5,30,122,126.5,131,diaphus,diaphus,diaphus fulgens,diaphus fulgens,,25,34.5,44,44,170,,appendicularian,,,,,,,yes,,
sassa2019,2019,"feb, march",2003,2016,spring,temperate,pacific,japan,0,0,29,31.5,34,128,134,140,symbolophorus,symbolophorus,symbolophorus californiensis,symbolophorus californiensis,,88,103.5,119,119,160,,copepods,,,,,,,yes,,
sassa2020,2020,"feb,mar",2003,2016,spring,temperate,pacific,japan,0,5000,28,32,36,128,135,142,myctophum,myctophum,myctophum orientale,myctophum orientale,,10,35,60,60,110,,appendicularians,urochardates,euphausiids,crustaceans,copepods,crustaceans,no,yes,,
saunders2014,2014,"oct,april",2006,2009,multiple,polar,antarctic,southern ocean,0,1000,-50,-55,-60,-30,-45,-60,electrona,electrona,electrona antarctica,electrona antarctica,,20,70,120,120,127,115,copepods,crustaceans,euphausiids,crustaceans,amphipods,crustaceans,yes,yes,,
saunders2014,2014,"oct,april",2006,2009,multiple,polar,antarctic,southern ocean,0,1000,-50,-55,-60,-30,-45,-60,electrona,electrona,electrona carlsbergi,electrona carlsbergi,,60,75,90,90,127,112,copepods,crustaceans,euphausiids,crustaceans,amphipods,crustaceans,yes,yes,,
saunders2015,2015,"nov,jan,mar",2006,2009,multiple,polar,antarctic,scotia sea,0,1000,-50,-55,-60,-30,-45,-10,protomyctophum,protomyctophum,protomyctophum tenisoni,protomyctophum tenisoni,,30,45,60,60,95,54,copepods,crustaceans,euphausiids,crustaceans,,,yes,yes,,
saunders2015,2015,"nov,jan,mar",2006,2009,multiple,polar,antarctic,scotia sea,0,1000,-50,-55,-60,-30,-45,-10,protomyctophum,protomyctophum,protomyctophum bolini,protomyctophum bolini,,20,45,70,70,95,67,copepods,crustaceans,euphausiids,crustaceans,,,yes,no,,
saunders2015,2015,"nov,jan,mar",2006,2009,multiple,polar,antarctic,scotia sea,0,1000,-50,-55,-60,-30,-45,-10,protomyctophum,protomyctophum,protomyctophum choriodon,protomyctophum choriodon,,50,70,90,90,95,95,copepods,crustaceans,euphausiids,crustaceans,amphipods,crustaceans,yes,no,,
saunders2018,2018,"oct,nov,dec,jan,jeb,mar,april",2006,2009,multiple,polar,antarctic,scotia sea,0,1000,-50,-56.5,-63,-20,-35,-50,protomyctophum,protomyctophum,protomyctophum tenisoni,protomyctophum tenisoni,,28,41.5,55,55,95,54,copepods,crustaceans,euphausiids,crustaceans,,,yes,no,,
saunders2018,2018,"oct,nov,dec,jan,jeb,mar,april",2006,2009,multiple,polar,antarctic,scotia sea,0,1000,-50,-56.5,-63,-20,-35,-50,protomyctophum,protomyctophum,protomyctophum bolini,protomyctophum bolini,,23,44.5,66,66,95,67,copepods,crustaceans,euphausiids,crustaceans,,,yes,no,,
saunders2018,2018,"oct,nov,dec,jan,jeb,mar,april",2006,2009,multiple,polar,antarctic,scotia sea,0,1000,-50,-56.5,-63,-20,-35,-50,kreffichthys,kreffichthys,kreffichthys anderssoni,kreffichthys anderssoni,,15,44.5,74,74,71,71,copepods,crustaceans,euphausiids,crustaceans,,,yes,no,,
saunders2018,2018,"oct,nov,dec,jan,jeb,mar,april",2006,2009,multiple,polar,antarctic,scotia sea,0,1000,-50,-56.5,-63,-20,-35,-50,electrona,electrona,electrona antarctica,electrona antarctica,,24,69.5,115,115,127,115,euphausiids,crustaceans,copepods,crustaceans,pteropods,molluscs,no,no,,
saunders2018,2018,"oct,nov,dec,jan,jeb,mar,april",2006,2009,multiple,polar,antarctic,scotia sea,0,1000,-50,-56.5,-63,-20,-35,-50,protomyctophum,protomyctophum,protomyctophum choriodon,protomyctophum choriodon,,55,70,85,85,95,95,euphausiids,crustaceans,copepods,crustaceans,,,no,no,,
saunders2018,2018,"oct,nov,dec,jan,jeb,mar,april",2006,2009,multiple,polar,antarctic,scotia sea,0,1000,-50,-56.5,-63,-20,-35,-50,gymnoscopelus,gymnoscopelus,gymnoscopelus fraseri,gymnoscopelus fraseri,,39,77,115,115,280,88,copepods,crustaceans,euphausiids,crustaceans,,,yes,no,,
saunders2018,2018,"oct,nov,dec,jan,jeb,mar,april",2006,2009,multiple,polar,antarctic,scotia sea,0,1000,-50,-56.5,-63,-20,-35,-50,electrona,electrona,electrona carlsbergi,electrona carlsbergi,,65,77.5,90,90,127,112,copepods,crustaceans,euphausiids,crustaceans,salps,gelatinous,yes,no,,
saunders2018,2018,"oct,nov,dec,jan,jeb,mar,april",2006,2009,multiple,polar,antarctic,scotia sea,0,1000,-50,-56.5,-63,-20,-35,-50,gymnoscopelus,gymnoscopelus,gymnoscopelus braueri,gymnoscopelus braueri,,34,98,162,162,280,220,copepods,crustaceans,euphausiids,crustaceans,ostracods,crustaceans,yes,no,,
saunders2018,2018,"oct,nov,dec,jan,jeb,mar,april",2006,2009,multiple,polar,antarctic,scotia sea,0,1000,-50,-56.5,-63,-20,-35,-50,gymnoscopelus,gymnoscopelus,gymnoscopelus nicholsi,gymnoscopelus nicholsi,,34,99.5,165,165,280,191,copepods,crustaceans,euphausiids,crustaceans,,,yes,no,,
saunders2018,2018,"oct,nov,dec,jan,jeb,mar,april",2006,2009,multiple,polar,antarctic,scotia sea,0,1000,-50,-56.5,-63,-20,-35,-50,nannobrachium,lampanyctus,nannobrachium achirus,lampanyctus achirus,,65,116,167,167,300,162,copepods,crustaceans,euphausiids,crustaceans,pisces,pisces,yes,yes,,
stefanescu1992,1992,"jul,aug,sept,oct",1988,1988,summer,temperate,atlantic,mediterranean,500,800,38.75,40.375,42,1.933,1.991,2.05,lampanyctus,lampanyctus,lampanyctus crocodilus,lampanyctus crocodilus,,5,11.5,18,18,300,300,copepods,crustaceans,pisces,pisces,mysidacea,crustaceans,yes,yes,cyclothone braueri,
suntsov2008,2008,"jun,aug,sep",2006,2006,multiple,temperate,pacific,us,30,50,48,45,42,-126,-125,-124,diaphus,diaphus,diaphus theta,diaphus theta,,19,44.5,70,70,170,114,thaliaceans,urochardates,amphipods,crustaceans,euphausiids,crustaceans,no,no,,
suntsov2008,2008,"jun,aug,sep",2006,2006,multiple,temperate,pacific,us,30,50,48,45,42,-126,-125,-124,stenbrachius,stenobrachius,stenobrachius leucopsarus,stenobrachius leucopsarus,,18,46,74,74,130,130,euphausiids,crustaceans,copepods,crustaceans,amphipods,crustaceans,no,no,,
suntsov2008,2008,"jun,aug,sep",2006,2006,multiple,temperate,pacific,us,30,50,48,45,42,-126,-125,-124,tarletonbeania,tarletonbeania,tarletonbeania crenularis,tarletonbeania crenularis,,24,52,80,80,127,127,euphausiids,crustaceans,amphipods,crustaceans,salps,gelatinous,no,yes,,
takagi2009,2009,"may,jun",2002,2002,spring,temperate,pacific,japan,0,28,35,37.5,40,143,151.5,160,myctophum,myctophum,myctophum asperum,myctophum asperum,,14,35.5,57,57,110,85,copepods,crustaceans,tunicates,gelatinous,amphipods,crustaceans,yes,yes,,
takagi2009,2009,"may,jun",2002,2002,spring,temperate,pacific,japan,0,28,35,37.5,40,143,151.5,160,symbolophorus,symbolophorus,symbolophorus californiensis,symbolophorus californiensis,,23,42,61,61,160,110,copepods,crustaceans,ostracods,crustaceans,euphausiids,crustaceans,yes,no,,
takagi2009,2009,"may,jun",2002,2002,spring,temperate,pacific,japan,0,28,35,37.5,40,143,151.5,160,ceratoscopelus,ceratoscopelus,ceratoscopelus warmingii,ceratoscopelus warmingii,,17,43,69,69,184,102,ostracods,crustaceans,copepods,crustaceans,chaetognatha,chaetognatha,no,yes,,
tanaka2013,2013,"jan,jun,sep",2003,2007,multiple,temperate,pacific,japan,0,400,31,32,33,128,129,130,diaphus,diaphus,diaphus garmani,diaphus garmani,,32,44.5,57,57,170,60,copepods,crustaceans,appendicularians,gelatinous,decapods,crustaceans,yes,yes,myctophids and others,
tanaka2013,2013,"jan,jun,sep",2003,2007,multiple,temperate,pacific,japan,0,400,31,32,33,128,129,130,diaphus,diaphus,diaphus chrysorhynchus,diaphus chrysorhynchus,,59,79.5,100,100,170,110,copepods,crustaceans,euphausiids,crustaceans,decapods,crustaceans,yes,yes,myctophids and others,
turco2024,2024,"aug, sept",2023,2023,summer,temperate,atlantic,mediterranean,500,701,38,39,40,16,17,18,lobianchia,lobianchia,lobianchia gemellarii,lobianchia gemellarii,,70,90,110,110,60,,crustaceans,,,,,,,yes,,
tyler1975,1975,,1963,1965,multiple,temperate,pacific,us,0,200,44,44,44,-124,-124,-124,diaphus,diaphus,diaphus theta,diaphus theta,,20,45,70,70,170,114,copepods,crustaceans,euphausiids,crustaceans,ostracods,crustaceans,yes,no,,
tyler1975,1975,,1963,1965,multiple,temperate,pacific,us,0,200,44,44,44,-124,-124,-124,tarletonbeania,tarletonbeania,tarletonbeania crenularis,tarletonbeania crenularis,,20,50,80,80,127,127,euphausiids,crustaceans,copepods,crustaceans,amphipods,crustaceans,no,no,,
tyler1975,1975,,1963,1965,multiple,temperate,pacific,us,0,200,44,44,44,-124,-124,-124,stenobrachius,stenobrachius,stenobrachius leucopsarus,stenobrachius leucopsarus,,20,55,90,90,130,130,copepods,crustaceans,euphausiids,crustaceans,amphipods,crustaceans,yes,yes,unknown,
uchikawa2008,2008,"april,oct",1996,1998,multiple,temperate,pacific,japan,250,1800,36,38.5,41,141,142,143,lampanyctus,lampanyctus,lampanyctus jordani,lampanyctus jordani,,31,79.5,128,128,300,140,euphausiids,crustaceans,copepods,crustaceans,amphipods,crustaceans,no,yes,diogenichthys,
vannoord2013,2013,"feb,april",2007,2007,spring,tropical,pacific,marianas,0,2,16.633,13.816,11,142.333,144.666,147,myctophum,myctophum,myctophum aurolaternatum,myctophum aurolaternatum,,,,,110,110,110,copepods,crustaceans,,,,,yes,no,,
vannoord2013,2013,"feb,april",2007,2007,spring,tropical,pacific,marianas,0,2,16.633,13.816,11,142.333,144.666,147,myctophum,myctophum,myctophum lychnobium,myctophum lychnobium,,,,,38,110,38,molluscs,molluscs,amphipods,crustaceans,copepods,crustaceans,no,yes,,
vannoord2013,2013,"feb,april",2007,2007,spring,tropical,pacific,marianas,0,2,16.633,13.816,11,142.333,144.666,147,myctophum,myctophum,myctophum nitidulum,myctophum nitidulum,,,,,83,110,83,copepods,crustaceans,,,,,yes,no,,
vannoord2013,2013,"feb,april",2007,2007,spring,tropical,pacific,marianas,0,2,16.633,13.816,11,142.333,144.666,147,symbolophorus,symbolophorus,symbolophorus evermanni,symbolophorus evermanni,,,,,117,160,117,copepods,crustaceans,pisces,pisces,ostracods,crustaceans,yes,yes,,
vannoord2013,2013,"feb,april",2007,2007,spring,tropical,pacific,marianas,0,2,16.633,13.816,11,142.333,144.666,147,centrobranchus,centrobranchus,centrobranchus andreae,centrobranchus andreae,,65,65,65,65,65,65,molluscs,molluscs,medusae,gelatinous,ostracods,crustaceans,no,no,,
vannoord2016,2016,"aug,sept,oct,nov",2006,2006,multiple,tropical,pacific,pacific,0,2,10,0,-10,-140,-110,-80,gonichthys,gonichthys,gonichthys tenuiculus,gonichthys tenuiculus,,38,38,38,38,50,50,ostracods,crustaceans,amphipods,crustaceans,euphausiids,crustaceans,no,no,,
vannoord2016,2016,"aug,sept,oct,nov",2006,2006,multiple,tropical,pacific,pacific,0,2,10,0,-10,-140,-110,-80,myctophum,myctophum,myctophum nitidulum,myctophum nitidulum,,48,48,48,48,110,83,copepods,crustaceans,ostracods,crustaceans,amphipods,crustaceans,yes,yes,,
vannoord2016,2016,"aug,sept,oct,nov",2006,2006,multiple,tropical,pacific,pacific,0,2,10,0,-10,-140,-110,-80,symbolophorus,symbolophorus,symbolophorus reversus,symbolophorus reversus,,56,56,56,56,160,89,copepods,crustaceans,euphausiids,crustaceans,ostracods,crustaceans,yes,yes,,
vasiliadis2024,2024,"october,nov,dec",2006,2006,multiple,antarctic,antarctic,scotia sea,0,1000,-50,-55.5,-61,-32,-40.5,-49,electrona,electrona,electrona antarctica,electrona antarctica,,,,,127,127,,copepods,,,,,,,yes,,
watanabe2003,2003,"jan,feb,mar",1961,1992,winter,temperate,pacific,japan,0,1,29,32.5,36,130,137,144,myctophum,myctophum,myctophum nitidulum,myctophum nitidulum,,16,23,30,30,110,83,euphausiids,crustaceans,copepods,crustaceans,amphipods,crustaceans,no,yes,sardine larvae,
williams1985,1985,"nov,dec",1981,1982,summer,polar,antarctic,antarctica,0,75,-62,-62,-62,60,74,88,kreffichthys,kreffichthys,kreffichthys anderssoni,kreffichthys anderssoni,,27,46.5,66,66,71,71,copepods,crustaceans,euphausiids,crustaceans,amphipods,crustaceans,yes,yes,,
williams1985,1985,"nov,dec",1981,1982,summer,polar,antarctic,antarctica,0,75,-62,-62,-62,60,74,88,electrona,electrona,electrona antarctica,electrona antarctica,,20,57.5,95,95,127,115,copepods,crustaceans,euphausiids,crustaceans,amphipods,crustaceans,yes,yes,myctophid,
williams1985,1985,"nov,dec",1981,1982,summer,polar,antarctic,antarctica,0,75,-62,-62,-62,60,74,88,gymnoscopelus,gymnoscopelus,gymnoscopelus braueri,gymnoscopelus braueri,,41,95.5,150,150,280,220,euphausiids,crustaceans,copepods,crustaceans,amphipods,crustaceans,no,no,,
williams1985,1985,"nov,dec",1981,1982,summer,polar,antarctic,antarctica,0,75,-62,-62,-62,60,74,88,gymnoscopelus,gymnoscopelus,gymnoscopelus nicholsi,gymnoscopelus nicholsi,,41,95.5,150,150,280,191,euphausiids,crustaceans,copepods,crustaceans,amphipods,crustaceans,no,no,,
williams2001,2001,"feb,nov,april,jul",1992,1993,multiple,temperate,pacific,tasmania,0,900,-44.2,-44.2,-44.2,147.2,147.2,147.2,hygophum,hygophum,hygophum hanseni,hygophum hanseni,,23,40,57,57,81,67,euphausiids,crustaceans,copepods,crustaceans,decapods,crustaceans,no,yes,,
williams2001,2001,"feb,nov,april,jul",1992,1993,multiple,temperate,pacific,tasmania,0,900,-44.2,-44.2,-44.2,147.2,147.2,147.2,diaphus,diaphus,diaphus danae,diaphus danae,,28,77,126,126,170,126,euphausiids,crustaceans,copepods,crustaceans,amphipods,crustaceans,no,yes,,
williams2001,2001,"feb,nov,april,jul",1992,1993,multiple,temperate,pacific,tasmania,0,900,-44.2,-44.2,-44.2,147.2,147.2,147.2,lampanyctus,lampanyctus,lampanyctus australis,lampanyctus australis,,35,82,129,129,300,131,euphausiids,crustaceans,decapods,crustaceans,pisces,pisces,no,yes,,
woodstock2020,2020,,2010,2017,multiple,tropical,atlantic,gulf of mexico,0,1500,27,28,29,-87,-89,-91,benthosema,benthosema,benthosema suborbitale,benthosema suborbitale,,17,24,31,31,103,,copepods,,,,,,,yes,,
woodstock2020,2020,,2010,2017,multiple,tropical,atlantic,gulf of mexico,0,1500,27,28,29,-87,-89,-91,ceratoscopelus,ceratoscopelus,ceratoscopelus warmingii,ceratoscopelus warmingii,,21,31.5,42,42,184,,copepods,,,,,,,no,,
woodstock2020,2020,,2010,2017,multiple,tropical,atlantic,gulf of mexico,0,1500,27,28,29,-87,-89,-91,lampanyctus,lampanyctus,lampanyctus alatus,lampanyctus alatus,,18,36.5,55,55,300,,copepods,,,,,,,no,,
woodstock2020,2020,,2010,2017,multiple,tropical,atlantic,gulf of mexico,0,1500,27,28,29,-87,-89,-91,lepidophanes,lepidophanes,lepidophanes guentheri,lepidophanes guentheri,,15,37.5,60,60,80,,copepods,,,,,,,no,,
woodstock2020,2020,,2010,2017,multiple,tropical,atlantic,gulf of mexico,0,1500,27,28,29,-87,-89,-91,diaphus,diaphus,diaphus dumerilii,diaphus dumerilii,,21,39.5,58,58,170,,copepods,,,,,,,no,,
woodstock2020,2020,,2010,2017,multiple,tropical,atlantic,gulf of mexico,0,1500,27,28,29,-87,-89,-91,diaphus,diaphus,diaphus mollis,diaphus mollis,,32,41.5,51,51,170,,copepods,,,,,,,no,,
woodstock2020,2020,,2010,2017,multiple,tropical,atlantic,gulf of mexico,0,1500,27,28,29,-87,-89,-91,diaphus,diaphus,diaphus lucidus,diaphus lucidus,,57,77.5,98,98,170,,decapods,,,,,,,yes,,
young1986,1986,,1984,1984,multiple,temperate,pacific,tasmania,0,360,-42.65,-42.65,-42.65,148.466,148.466,148.466,lampanyctodes,lampanyctodes,lampanyctodes hectoris,lampanyctodes hectoris,,27,50,73,73,70,70,euphausiids,crustaceans,copepods,crustaceans,amphipods,crustaceans,no,yes,unknown,
young1986,1986,,1984,1985,multiple,temperate,pacific,tasmania,0,360,-42.65,-42.65,-42.65,148.466,148.466,148.466,diaphus,diaphus,diaphus danae,diaphus danae,,29,75.5,122,122,170,126,pisces,pisces,copepods,crustaceans,euphausiids,crustaceans,no,yes,"lampanyctodes hectoris, maurolicus muelleri, unknown",
zavala2019,2019,,2015,2016,multiple,tropical,atlantic,chile,0,1000,-18,-27,-36,70,90,110,diogenichthys,diogenichthys,diogenichthys laternatus,diogenichthys laternatus,larvae,4,7,10,10,50,,crustaceans,,,,,,,no,,
zavala2019,2019,,2015,2016,multiple,tropical,atlantic,chile,0,1000,-18,-27,-36,70,90,110,diogenichthys,diogenichthys,diogenichthys atlanticus,diogenichthys atlanticus,larvae,3,12.5,22,22,50,,copepods,,,,,,,no,,
zhang2024,2024,"dec,jan,feb,mar,apr",2021,2022,winter,temperate,pacific,east china sea,200,300,27,41.5,56,125,126.5,128,diaphus,diaphus,diaphus watasei,diaphus watasei,,32,41,50,50,170,,fish,"maurolicus muelleri, diaphus garmani, bregmaceros sp, polyipnus sp, unidentified",,,,,,yes,,
